libro;numeroPagina
7313646580;1
7313646580;2
7313646580;3
7313646580;4
7313646580;5
7313646580;6
7313646580;7
7313646580;8
7313646580;9
7313646580;10
7313646580;11
7313646580;12
7313646580;13
7313646580;14
7313646580;15
7313646580;16
7313646580;17
7313646580;18
7313646580;19
7313646580;20
7313646580;21
7313646580;22
7313646580;23
6726515966;1
6726515966;2
6726515966;3
6726515966;4
6726515966;5
6726515966;6
6726515966;7
6726515966;8
6726515966;9
6726515966;10
6726515966;11
4683935600;1
4683935600;2
4683935600;3
4683935600;4
4683935600;5
4683935600;6
4683935600;7
4683935600;8
4683935600;9
4683935600;10
4683935600;11
4683935600;12
4683935600;13
4683935600;14
4683935600;15
4683935600;16
4683935600;17
4683935600;18
4683935600;19
7422990551;1
7422990551;2
7422990551;3
7422990551;4
7422990551;5
7422990551;6
7422990551;7
7422990551;8
7422990551;9
7422990551;10
7422990551;11
7422990551;12
7422990551;13
7422990551;14
7422990551;15
7422990551;16
7422990551;17
7422990551;18
7422990551;19
7422990551;20
7422990551;21
7422990551;22
7422990551;23
7422990551;24
7422990551;25
7422990551;26
7422990551;27
3362646960;1
3362646960;2
3362646960;3
3362646960;4
3362646960;5
3362646960;6
3362646960;7
3362646960;8
3362646960;9
3362646960;10
3362646960;11
3362646960;12
3362646960;13
3362646960;14
3362646960;15
3362646960;16
3362646960;17
3362646960;18
3362646960;19
3362646960;20
3362646960;21
3362646960;22
5673181221;1
5673181221;2
5673181221;3
5673181221;4
5673181221;5
5673181221;6
5673181221;7
5673181221;8
5673181221;9
5673181221;10
5673181221;11
5673181221;12
5673181221;13
5673181221;14
5673181221;15
5673181221;16
5673181221;17
5673181221;18
5673181221;19
5673181221;20
5673181221;21
5673181221;22
5673181221;23
5673181221;24
5673181221;25
5673181221;26
5673181221;27
2388450337;1
2388450337;2
2388450337;3
2388450337;4
2388450337;5
2388450337;6
2388450337;7
2388450337;8
2388450337;9
2388450337;10
2388450337;11
2388450337;12
2388450337;13
2388450337;14
2388450337;15
2388450337;16
2388450337;17
2388450337;18
2388450337;19
2388450337;20
2388450337;21
9594878379;1
9594878379;2
9594878379;3
9594878379;4
9594878379;5
9594878379;6
9594878379;7
9594878379;8
9594878379;9
9594878379;10
9594878379;11
9594878379;12
9594878379;13
9594878379;14
9594878379;15
9594878379;16
9594878379;17
9594878379;18
9594878379;19
9594878379;20
9594878379;21
9594878379;22
9594878379;23
9594878379;24
9594878379;25
9594878379;26
9594878379;27
9594878379;28
9594878379;29
7279140605;1
7279140605;2
7279140605;3
7279140605;4
7279140605;5
7279140605;6
7279140605;7
7279140605;8
7279140605;9
7279140605;10
7279140605;11
7279140605;12
7279140605;13
7279140605;14
7279140605;15
7279140605;16
7279140605;17
7279140605;18
7279140605;19
7279140605;20
7279140605;21
7279140605;22
8543865915;1
8543865915;2
8543865915;3
8543865915;4
8543865915;5
8543865915;6
8543865915;7
8543865915;8
8543865915;9
8543865915;10
8543865915;11
8543865915;12
8543865915;13
8543865915;14
8543865915;15
8543865915;16
8543865915;17
8543865915;18
4264134512;1
4264134512;2
4264134512;3
4264134512;4
4264134512;5
4264134512;6
4264134512;7
4264134512;8
4264134512;9
4264134512;10
4264134512;11
4264134512;12
6532043071;1
6532043071;2
6532043071;3
6532043071;4
6532043071;5
6532043071;6
6532043071;7
6532043071;8
6532043071;9
6532043071;10
6532043071;11
6532043071;12
6532043071;13
6532043071;14
6532043071;15
6532043071;16
6532043071;17
6532043071;18
6532043071;19
6532043071;20
6532043071;21
1521521078;1
1521521078;2
1521521078;3
1521521078;4
1521521078;5
1521521078;6
1521521078;7
1521521078;8
1521521078;9
4048494026;1
4048494026;2
4048494026;3
4048494026;4
4048494026;5
4048494026;6
4048494026;7
4048494026;8
4048494026;9
4048494026;10
4048494026;11
4048494026;12
4048494026;13
4048494026;14
4048494026;15
4048494026;16
4048494026;17
4048494026;18
4048494026;19
3365835550;1
3365835550;2
3365835550;3
3365835550;4
3365835550;5
3365835550;6
3365835550;7
3365835550;8
3365835550;9
3365835550;10
3365835550;11
3365835550;12
3365835550;13
3365835550;14
1400330495;1
1400330495;2
1400330495;3
1400330495;4
1400330495;5
1400330495;6
1400330495;7
1400330495;8
1400330495;9
1400330495;10
1400330495;11
1400330495;12
1400330495;13
1400330495;14
1400330495;15
1400330495;16
1400330495;17
1400330495;18
1400330495;19
1400330495;20
1400330495;21
1400330495;22
1400330495;23
1400330495;24
1400330495;25
1400330495;26
1400330495;27
1400330495;28
4574027737;1
4574027737;2
4574027737;3
4574027737;4
4574027737;5
4574027737;6
4574027737;7
4574027737;8
4574027737;9
4574027737;10
4574027737;11
4574027737;12
4574027737;13
4574027737;14
4574027737;15
4574027737;16
4574027737;17
4574027737;18
4574027737;19
4574027737;20
4574027737;21
4574027737;22
4574027737;23
8324687182;1
8324687182;2
8324687182;3
8324687182;4
8324687182;5
8324687182;6
8324687182;7
8324687182;8
8324687182;9
8324687182;10
8324687182;11
8324687182;12
8324687182;13
8324687182;14
8324687182;15
8324687182;16
8324687182;17
8324687182;18
8324687182;19
8324687182;20
8880079328;1
8880079328;2
8880079328;3
8880079328;4
8880079328;5
8880079328;6
8880079328;7
8880079328;8
8880079328;9
8880079328;10
8880079328;11
6341783555;1
6341783555;2
6341783555;3
6341783555;4
6341783555;5
6341783555;6
6341783555;7
6341783555;8
6341783555;9
6341783555;10
6341783555;11
6341783555;12
6341783555;13
6341783555;14
6341783555;15
6341783555;16
6341783555;17
6341783555;18
6341783555;19
6341783555;20
6341783555;21
6341783555;22
2647489402;1
2647489402;2
2647489402;3
2647489402;4
2647489402;5
2647489402;6
2647489402;7
2647489402;8
2647489402;9
2647489402;10
2647489402;11
2647489402;12
5594799319;1
5594799319;2
5594799319;3
5594799319;4
5594799319;5
5594799319;6
5594799319;7
5594799319;8
5594799319;9
5594799319;10
5594799319;11
5594799319;12
5594799319;13
5594799319;14
5594799319;15
5594799319;16
5305985001;1
5305985001;2
5305985001;3
5305985001;4
5305985001;5
5305985001;6
5305985001;7
5305985001;8
5305985001;9
5305985001;10
5305985001;11
5305985001;12
5305985001;13
5305985001;14
5305985001;15
5305985001;16
5305985001;17
5305985001;18
5305985001;19
5305985001;20
5305985001;21
5305985001;22
8129391249;1
8129391249;2
8129391249;3
8129391249;4
8129391249;5
8129391249;6
8129391249;7
8129391249;8
8129391249;9
8129391249;10
8129391249;11
8129391249;12
8129391249;13
8129391249;14
8129391249;15
8129391249;16
8129391249;17
8129391249;18
8129391249;19
8129391249;20
8129391249;21
8129391249;22
8129391249;23
8129391249;24
8129391249;25
8129391249;26
8129391249;27
7375197714;1
7375197714;2
7375197714;3
7375197714;4
7375197714;5
7375197714;6
7375197714;7
7375197714;8
7375197714;9
7375197714;10
7375197714;11
7375197714;12
7375197714;13
7375197714;14
7375197714;15
7375197714;16
7375197714;17
7375197714;18
7375197714;19
7375197714;20
7375197714;21
7628981661;1
7628981661;2
7628981661;3
7628981661;4
7628981661;5
7628981661;6
7628981661;7
7628981661;8
7628981661;9
7628981661;10
7628981661;11
7628981661;12
7628981661;13
7628981661;14
7628981661;15
7628981661;16
7628981661;17
7628981661;18
7628981661;19
7628981661;20
7628981661;21
7628981661;22
7628981661;23
7628981661;24
7628981661;25
9301537234;1
9301537234;2
9301537234;3
9301537234;4
9301537234;5
9301537234;6
9301537234;7
9301537234;8
9301537234;9
9301537234;10
9301537234;11
2644847276;1
2644847276;2
2644847276;3
2644847276;4
2644847276;5
2644847276;6
2644847276;7
2644847276;8
2644847276;9
2644847276;10
2644847276;11
2644847276;12
2644847276;13
2644847276;14
2644847276;15
2644847276;16
2644847276;17
2644847276;18
2644847276;19
2644847276;20
2644847276;21
5482431018;1
5482431018;2
5482431018;3
5482431018;4
5482431018;5
5482431018;6
5482431018;7
5482431018;8
5482431018;9
5482431018;10
5482431018;11
5482431018;12
5482431018;13
5482431018;14
5482431018;15
5482431018;16
5482431018;17
5482431018;18
8779941999;1
8779941999;2
8779941999;3
8779941999;4
8779941999;5
8779941999;6
8779941999;7
8779941999;8
8779941999;9
8779941999;10
8779941999;11
8779941999;12
8779941999;13
8779941999;14
8779941999;15
8779941999;16
8779941999;17
8779941999;18
8779941999;19
5948254671;1
5948254671;2
5948254671;3
5948254671;4
5948254671;5
5948254671;6
5948254671;7
5948254671;8
5948254671;9
5948254671;10
5948254671;11
5948254671;12
5948254671;13
5948254671;14
5948254671;15
5948254671;16
8924383984;1
8924383984;2
8924383984;3
8924383984;4
8924383984;5
8924383984;6
8924383984;7
8924383984;8
8924383984;9
8924383984;10
8924383984;11
8924383984;12
8924383984;13
8924383984;14
8924383984;15
8924383984;16
8924383984;17
8924383984;18
8924383984;19
2962491159;1
2962491159;2
2962491159;3
2962491159;4
2962491159;5
2962491159;6
2962491159;7
2962491159;8
2962491159;9
2962491159;10
2962491159;11
2962491159;12
2962491159;13
2962491159;14
1662976399;1
1662976399;2
1662976399;3
1662976399;4
1662976399;5
1662976399;6
1662976399;7
1662976399;8
1662976399;9
1662976399;10
1662976399;11
6433231472;1
6433231472;2
6433231472;3
6433231472;4
6433231472;5
6433231472;6
6433231472;7
6433231472;8
6433231472;9
6433231472;10
6433231472;11
6433231472;12
6433231472;13
6433231472;14
6433231472;15
6433231472;16
6433231472;17
6433231472;18
6433231472;19
6433231472;20
6433231472;21
6433231472;22
6433231472;23
6433231472;24
6433231472;25
3791027186;1
3791027186;2
3791027186;3
3791027186;4
3791027186;5
3791027186;6
3791027186;7
3791027186;8
3791027186;9
3791027186;10
3791027186;11
3791027186;12
3791027186;13
3791027186;14
3791027186;15
3791027186;16
3791027186;17
3791027186;18
3791027186;19
3791027186;20
3791027186;21
3791027186;22
3791027186;23
3791027186;24
3791027186;25
3791027186;26
3791027186;27
3791027186;28
3791027186;29
8556573246;1
8556573246;2
8556573246;3
8556573246;4
8556573246;5
8556573246;6
8556573246;7
8556573246;8
8556573246;9
8556573246;10
8556573246;11
8556573246;12
9744120054;1
9744120054;2
9744120054;3
9744120054;4
9744120054;5
9744120054;6
9744120054;7
9744120054;8
9744120054;9
9744120054;10
9744120054;11
9744120054;12
9744120054;13
9744120054;14
9744120054;15
9744120054;16
9744120054;17
9744120054;18
9744120054;19
9744120054;20
9744120054;21
9744120054;22
9744120054;23
9744120054;24
9744120054;25
5683143581;1
5683143581;2
5683143581;3
5683143581;4
5683143581;5
5683143581;6
5683143581;7
5683143581;8
5683143581;9
5683143581;10
5683143581;11
5683143581;12
5683143581;13
5683143581;14
5683143581;15
5683143581;16
5683143581;17
5683143581;18
5683143581;19
5683143581;20
5683143581;21
5683143581;22
5683143581;23
5683143581;24
5683143581;25
5726642606;1
5726642606;2
5726642606;3
5726642606;4
5726642606;5
5726642606;6
5726642606;7
5726642606;8
5726642606;9
5726642606;10
5726642606;11
5726642606;12
5726642606;13
5726642606;14
5726642606;15
8275679594;1
8275679594;2
8275679594;3
8275679594;4
8275679594;5
8275679594;6
8275679594;7
8275679594;8
8275679594;9
8275679594;10
8275679594;11
8275679594;12
8275679594;13
8275679594;14
8275679594;15
8275679594;16
8275679594;17
8275679594;18
8275679594;19
8275679594;20
5492496998;1
5492496998;2
5492496998;3
5492496998;4
5492496998;5
5492496998;6
5492496998;7
5492496998;8
5492496998;9
5492496998;10
5492496998;11
5492496998;12
5492496998;13
5492496998;14
5492496998;15
5492496998;16
5492496998;17
5492496998;18
5492496998;19
5492496998;20
6554972315;1
6554972315;2
6554972315;3
6554972315;4
6554972315;5
6554972315;6
6554972315;7
6554972315;8
6554972315;9
6554972315;10
6554972315;11
6554972315;12
6554972315;13
6554972315;14
6554972315;15
6554972315;16
6554972315;17
6554972315;18
6554972315;19
6554972315;20
6554972315;21
6554972315;22
6554972315;23
6554972315;24
6554972315;25
6554972315;26
6554972315;27
6554972315;28
6554972315;29
2849785671;1
2849785671;2
2849785671;3
2849785671;4
2849785671;5
2849785671;6
2849785671;7
2849785671;8
2849785671;9
2849785671;10
2849785671;11
2849785671;12
2849785671;13
7576309274;1
7576309274;2
7576309274;3
7576309274;4
7576309274;5
7576309274;6
7576309274;7
7576309274;8
7576309274;9
7576309274;10
7576309274;11
7576309274;12
7576309274;13
7576309274;14
7576309274;15
7576309274;16
1730074215;1
1730074215;2
1730074215;3
1730074215;4
1730074215;5
1730074215;6
1730074215;7
1730074215;8
1730074215;9
1730074215;10
1730074215;11
1730074215;12
3934040683;1
3934040683;2
3934040683;3
3934040683;4
3934040683;5
3934040683;6
3934040683;7
3934040683;8
3934040683;9
3934040683;10
3934040683;11
3934040683;12
3934040683;13
1614685938;1
1614685938;2
1614685938;3
1614685938;4
1614685938;5
1614685938;6
1614685938;7
1614685938;8
1614685938;9
1614685938;10
1614685938;11
1614685938;12
1614685938;13
1614685938;14
1614685938;15
1614685938;16
1614685938;17
8034746821;1
8034746821;2
8034746821;3
8034746821;4
8034746821;5
8034746821;6
8034746821;7
8034746821;8
8034746821;9
8034746821;10
8034746821;11
8034746821;12
8034746821;13
8034746821;14
8034746821;15
8750840032;1
8750840032;2
8750840032;3
8750840032;4
8750840032;5
8750840032;6
8750840032;7
8750840032;8
8750840032;9
8750840032;10
8750840032;11
8750840032;12
8750840032;13
8750840032;14
1678500147;1
1678500147;2
1678500147;3
1678500147;4
1678500147;5
1678500147;6
1678500147;7
1678500147;8
1678500147;9
1678500147;10
1678500147;11
1678500147;12
1678500147;13
1678500147;14
1678500147;15
1678500147;16
1678500147;17
1678500147;18
1678500147;19
1678500147;20
1678500147;21
1678500147;22
1678500147;23
1678500147;24
1678500147;25
1678500147;26
1678500147;27
1678500147;28
9354723429;1
9354723429;2
9354723429;3
9354723429;4
9354723429;5
9354723429;6
9354723429;7
9354723429;8
9354723429;9
9354723429;10
9354723429;11
9354723429;12
9354723429;13
6369130994;1
6369130994;2
6369130994;3
6369130994;4
6369130994;5
6369130994;6
6369130994;7
6369130994;8
6369130994;9
6369130994;10
6369130994;11
6369130994;12
6369130994;13
6369130994;14
6369130994;15
6369130994;16
6369130994;17
6369130994;18
6369130994;19
6369130994;20
6369130994;21
6369130994;22
6369130994;23
6369130994;24
6369130994;25
6369130994;26
6369130994;27
6369130994;28
6369130994;29
3075362821;1
3075362821;2
3075362821;3
3075362821;4
3075362821;5
3075362821;6
3075362821;7
3075362821;8
3075362821;9
3075362821;10
3075362821;11
8298348088;1
8298348088;2
8298348088;3
8298348088;4
8298348088;5
8298348088;6
8298348088;7
8298348088;8
8298348088;9
8298348088;10
8298348088;11
8298348088;12
8298348088;13
8298348088;14
8122042835;1
8122042835;2
8122042835;3
8122042835;4
8122042835;5
8122042835;6
8122042835;7
8122042835;8
8122042835;9
8122042835;10
8122042835;11
8122042835;12
8122042835;13
8122042835;14
8122042835;15
8122042835;16
8122042835;17
8122042835;18
8122042835;19
8122042835;20
8122042835;21
8122042835;22
8122042835;23
8122042835;24
8122042835;25
8122042835;26
8122042835;27
8122042835;28
8122042835;29
9624715092;1
9624715092;2
9624715092;3
9624715092;4
9624715092;5
9624715092;6
9624715092;7
9624715092;8
9624715092;9
9624715092;10
9624715092;11
9624715092;12
9624715092;13
9624715092;14
9624715092;15
9624715092;16
9624715092;17
9624715092;18
9624715092;19
9624715092;20
9624715092;21
9624715092;22
9624715092;23
9624715092;24
8495457335;1
8495457335;2
8495457335;3
8495457335;4
8495457335;5
8495457335;6
8495457335;7
8495457335;8
8495457335;9
8495457335;10
8495457335;11
8495457335;12
8495457335;13
8495457335;14
8495457335;15
8495457335;16
8495457335;17
8495457335;18
8495457335;19
8495457335;20
8495457335;21
8495457335;22
8495457335;23
8739238825;1
8739238825;2
8739238825;3
8739238825;4
8739238825;5
8739238825;6
8739238825;7
8739238825;8
8739238825;9
8739238825;10
8739238825;11
8739238825;12
8739238825;13
8739238825;14
8739238825;15
8739238825;16
8739238825;17
8739238825;18
8739238825;19
8739238825;20
8739238825;21
8739238825;22
8739238825;23
8739238825;24
8739238825;25
8739238825;26
8739238825;27
3734252963;1
3734252963;2
3734252963;3
3734252963;4
3734252963;5
3734252963;6
3734252963;7
3734252963;8
3734252963;9
3734252963;10
3734252963;11
3734252963;12
3734252963;13
3734252963;14
3734252963;15
3734252963;16
3734252963;17
3734252963;18
3734252963;19
3734252963;20
3734252963;21
3734252963;22
3734252963;23
3734252963;24
3734252963;25
3734252963;26
3734252963;27
4600630513;1
4600630513;2
4600630513;3
4600630513;4
4600630513;5
4600630513;6
4600630513;7
4600630513;8
4600630513;9
4600630513;10
4600630513;11
4600630513;12
4600630513;13
4600630513;14
4600630513;15
4600630513;16
4600630513;17
4600630513;18
4600630513;19
4600630513;20
4600630513;21
4600630513;22
4600630513;23
3776011793;1
3776011793;2
3776011793;3
3776011793;4
3776011793;5
3776011793;6
3776011793;7
3776011793;8
3776011793;9
3776011793;10
3776011793;11
3776011793;12
3776011793;13
3776011793;14
3776011793;15
3776011793;16
3776011793;17
3776011793;18
3776011793;19
3776011793;20
3776011793;21
3776011793;22
3776011793;23
3776011793;24
3776011793;25
3776011793;26
3776011793;27
3776011793;28
3776011793;29
3776011793;30
8682023540;1
8682023540;2
8682023540;3
8682023540;4
8682023540;5
8682023540;6
8682023540;7
8682023540;8
8682023540;9
8682023540;10
8682023540;11
8682023540;12
8682023540;13
8682023540;14
8682023540;15
8682023540;16
8682023540;17
8682023540;18
8682023540;19
8682023540;20
8682023540;21
8682023540;22
8682023540;23
8682023540;24
8682023540;25
8682023540;26
8682023540;27
7784217828;1
7784217828;2
7784217828;3
7784217828;4
7784217828;5
7784217828;6
7784217828;7
7784217828;8
7784217828;9
7784217828;10
7784217828;11
7784217828;12
7784217828;13
7784217828;14
7784217828;15
7784217828;16
7784217828;17
7784217828;18
7784217828;19
7784217828;20
7784217828;21
7784217828;22
7784217828;23
7784217828;24
7784217828;25
7784217828;26
7784217828;27
7784217828;28
7784217828;29
6562457052;1
6562457052;2
6562457052;3
6562457052;4
6562457052;5
6562457052;6
6562457052;7
6562457052;8
6562457052;9
6562457052;10
6562457052;11
6562457052;12
6562457052;13
6562457052;14
6562457052;15
6562457052;16
6562457052;17
6562457052;18
6562457052;19
6562457052;20
6562457052;21
6562457052;22
6562457052;23
6562457052;24
6562457052;25
6562457052;26
6562457052;27
6562457052;28
6562457052;29
1754368373;1
1754368373;2
1754368373;3
1754368373;4
1754368373;5
1754368373;6
1754368373;7
1754368373;8
1754368373;9
1754368373;10
1754368373;11
1754368373;12
1754368373;13
1754368373;14
1754368373;15
1754368373;16
1754368373;17
1754368373;18
1754368373;19
1754368373;20
1754368373;21
1754368373;22
1754368373;23
1754368373;24
1754368373;25
1754368373;26
1754368373;27
1754368373;28
6001680218;1
6001680218;2
6001680218;3
6001680218;4
6001680218;5
6001680218;6
6001680218;7
6001680218;8
6001680218;9
6001680218;10
6001680218;11
6001680218;12
6001680218;13
6001680218;14
6001680218;15
6001680218;16
6001680218;17
6001680218;18
6001680218;19
9033293776;1
9033293776;2
9033293776;3
9033293776;4
9033293776;5
9033293776;6
9033293776;7
9033293776;8
9033293776;9
9033293776;10
9033293776;11
9033293776;12
9033293776;13
9033293776;14
9033293776;15
9033293776;16
9033293776;17
9033293776;18
9033293776;19
9033293776;20
9033293776;21
9033293776;22
9033293776;23
9033293776;24
9033293776;25
9033293776;26
9033293776;27
9033293776;28
9033293776;29
1323408297;1
1323408297;2
1323408297;3
1323408297;4
1323408297;5
1323408297;6
1323408297;7
1323408297;8
1323408297;9
1323408297;10
1323408297;11
1323408297;12
1323408297;13
1323408297;14
1323408297;15
1323408297;16
1323408297;17
1323408297;18
1323408297;19
9503787171;1
9503787171;2
9503787171;3
9503787171;4
9503787171;5
9503787171;6
9503787171;7
9503787171;8
9503787171;9
9503787171;10
9503787171;11
9503787171;12
9503787171;13
2694684834;1
2694684834;2
2694684834;3
2694684834;4
2694684834;5
2694684834;6
2694684834;7
2694684834;8
2694684834;9
2694684834;10
2694684834;11
2694684834;12
2694684834;13
2694684834;14
2694684834;15
2694684834;16
2694684834;17
2694684834;18
2694684834;19
2694684834;20
2694684834;21
2694684834;22
2694684834;23
3304560537;1
3304560537;2
3304560537;3
3304560537;4
3304560537;5
3304560537;6
3304560537;7
3304560537;8
3304560537;9
3304560537;10
3304560537;11
2595467139;1
2595467139;2
2595467139;3
2595467139;4
2595467139;5
2595467139;6
2595467139;7
2595467139;8
2595467139;9
2595467139;10
2595467139;11
2595467139;12
2595467139;13
2595467139;14
2595467139;15
2595467139;16
2595467139;17
2595467139;18
2595467139;19
2595467139;20
2595467139;21
2595467139;22
2595467139;23
2595467139;24
3024977737;1
3024977737;2
3024977737;3
3024977737;4
3024977737;5
3024977737;6
3024977737;7
3024977737;8
3024977737;9
3024977737;10
3024977737;11
3024977737;12
3024977737;13
3024977737;14
3024977737;15
3024977737;16
3024977737;17
3024977737;18
3024977737;19
3024977737;20
3024977737;21
3024977737;22
3024977737;23
9861449701;1
9861449701;2
9861449701;3
9861449701;4
9861449701;5
9861449701;6
9861449701;7
9861449701;8
9861449701;9
9861449701;10
9861449701;11
9861449701;12
9861449701;13
9861449701;14
9861449701;15
9861449701;16
9861449701;17
9861449701;18
9861449701;19
9861449701;20
9861449701;21
9861449701;22
9861449701;23
9861449701;24
9861449701;25
9861449701;26
9861449701;27
9861449701;28
9861449701;29
2753617371;1
2753617371;2
2753617371;3
2753617371;4
2753617371;5
2753617371;6
2753617371;7
2753617371;8
2753617371;9
2753617371;10
2753617371;11
2753617371;12
2753617371;13
2753617371;14
2753617371;15
2753617371;16
2753617371;17
2753617371;18
5454792171;1
5454792171;2
5454792171;3
5454792171;4
5454792171;5
5454792171;6
5454792171;7
5454792171;8
5454792171;9
5454792171;10
5454792171;11
5454792171;12
5454792171;13
5454792171;14
5454792171;15
5454792171;16
5454792171;17
1498733671;1
1498733671;2
1498733671;3
1498733671;4
1498733671;5
1498733671;6
1498733671;7
1498733671;8
1498733671;9
1498733671;10
1498733671;11
1498733671;12
1498733671;13
1498733671;14
1498733671;15
1498733671;16
1498733671;17
1498733671;18
1498733671;19
1498733671;20
1498733671;21
1498733671;22
1498733671;23
1498733671;24
1498733671;25
1498733671;26
1498733671;27
5877639950;1
5877639950;2
5877639950;3
5877639950;4
5877639950;5
5877639950;6
5877639950;7
5877639950;8
5877639950;9
5877639950;10
7615076397;1
7615076397;2
7615076397;3
7615076397;4
7615076397;5
7615076397;6
7615076397;7
7615076397;8
7615076397;9
7615076397;10
7615076397;11
7615076397;12
7615076397;13
7615076397;14
7615076397;15
7615076397;16
7615076397;17
7615076397;18
7615076397;19
7615076397;20
9097790557;1
9097790557;2
9097790557;3
9097790557;4
9097790557;5
9097790557;6
9097790557;7
9097790557;8
9097790557;9
9097790557;10
9097790557;11
9097790557;12
9097790557;13
9097790557;14
9097790557;15
9097790557;16
9097790557;17
9097790557;18
9097790557;19
9097790557;20
9097790557;21
9097790557;22
9097790557;23
9097790557;24
9097790557;25
8875651818;1
8875651818;2
8875651818;3
8875651818;4
8875651818;5
8875651818;6
8875651818;7
8875651818;8
8875651818;9
8875651818;10
8875651818;11
2201474778;1
2201474778;2
2201474778;3
2201474778;4
2201474778;5
2201474778;6
2201474778;7
2201474778;8
2201474778;9
2201474778;10
2201474778;11
2201474778;12
2201474778;13
2201474778;14
2201474778;15
2201474778;16
2201474778;17
2201474778;18
6228133486;1
6228133486;2
6228133486;3
6228133486;4
6228133486;5
6228133486;6
6228133486;7
6228133486;8
6228133486;9
6228133486;10
6228133486;11
6228133486;12
6228133486;13
6228133486;14
6228133486;15
6228133486;16
6228133486;17
6228133486;18
6228133486;19
6228133486;20
6228133486;21
6228133486;22
6228133486;23
5082603360;1
5082603360;2
5082603360;3
5082603360;4
5082603360;5
5082603360;6
5082603360;7
5082603360;8
5082603360;9
5082603360;10
5082603360;11
5082603360;12
5082603360;13
5082603360;14
5082603360;15
5082603360;16
5082603360;17
5082603360;18
5082603360;19
5082603360;20
5082603360;21
5082603360;22
5082603360;23
8239941612;1
8239941612;2
8239941612;3
8239941612;4
8239941612;5
8239941612;6
8239941612;7
8239941612;8
8239941612;9
8239941612;10
8064477344;1
8064477344;2
8064477344;3
8064477344;4
8064477344;5
8064477344;6
8064477344;7
8064477344;8
8064477344;9
8064477344;10
7004964045;1
7004964045;2
7004964045;3
7004964045;4
7004964045;5
7004964045;6
7004964045;7
7004964045;8
7004964045;9
7004964045;10
7004964045;11
7004964045;12
7004964045;13
7004964045;14
7004964045;15
7004964045;16
7004964045;17
7004964045;18
7004964045;19
7004964045;20
5158416864;1
5158416864;2
5158416864;3
5158416864;4
5158416864;5
5158416864;6
5158416864;7
5158416864;8
5158416864;9
5158416864;10
5158416864;11
5158416864;12
5158416864;13
5158416864;14
5158416864;15
5158416864;16
5158416864;17
5158416864;18
9983668939;1
9983668939;2
9983668939;3
9983668939;4
9983668939;5
9983668939;6
9983668939;7
9983668939;8
9983668939;9
9983668939;10
9983668939;11
1091729577;1
1091729577;2
1091729577;3
1091729577;4
1091729577;5
1091729577;6
1091729577;7
1091729577;8
1091729577;9
1091729577;10
1091729577;11
1091729577;12
1091729577;13
1091729577;14
1091729577;15
1091729577;16
1091729577;17
1091729577;18
1091729577;19
1091729577;20
1091729577;21
1091729577;22
1091729577;23
1091729577;24
1091729577;25
1091729577;26
1091729577;27
1091729577;28
1091729577;29
3424843951;1
3424843951;2
3424843951;3
3424843951;4
3424843951;5
3424843951;6
3424843951;7
3424843951;8
3424843951;9
3424843951;10
3424843951;11
3380304322;1
3380304322;2
3380304322;3
3380304322;4
3380304322;5
3380304322;6
3380304322;7
3380304322;8
3380304322;9
3380304322;10
3380304322;11
3380304322;12
3380304322;13
3380304322;14
3380304322;15
3380304322;16
3380304322;17
3380304322;18
3380304322;19
3380304322;20
3380304322;21
3380304322;22
3380304322;23
3380304322;24
3380304322;25
3380304322;26
3380304322;27
3380304322;28
6295689007;1
6295689007;2
6295689007;3
6295689007;4
6295689007;5
6295689007;6
6295689007;7
6295689007;8
6295689007;9
6295689007;10
6295689007;11
6295689007;12
6295689007;13
6295689007;14
6295689007;15
6295689007;16
6295689007;17
6295689007;18
6295689007;19
6295689007;20
6295689007;21
6295689007;22
6295689007;23
6295689007;24
6295689007;25
6295689007;26
6295689007;27
6295689007;28
3559721644;1
3559721644;2
3559721644;3
3559721644;4
3559721644;5
3559721644;6
3559721644;7
3559721644;8
3559721644;9
3559721644;10
3559721644;11
3559721644;12
3559721644;13
3559721644;14
3559721644;15
3559721644;16
3559721644;17
3559721644;18
3559721644;19
3559721644;20
3559721644;21
3559721644;22
3559721644;23
3559721644;24
3559721644;25
1749459431;1
1749459431;2
1749459431;3
1749459431;4
1749459431;5
1749459431;6
1749459431;7
1749459431;8
1749459431;9
1749459431;10
1749459431;11
1749459431;12
1749459431;13
1749459431;14
1749459431;15
1749459431;16
1749459431;17
1749459431;18
1749459431;19
1749459431;20
1749459431;21
1566090561;1
1566090561;2
1566090561;3
1566090561;4
1566090561;5
1566090561;6
1566090561;7
1566090561;8
1566090561;9
1566090561;10
1566090561;11
1566090561;12
1566090561;13
1566090561;14
1566090561;15
1566090561;16
1566090561;17
1566090561;18
1566090561;19
1566090561;20
1566090561;21
1566090561;22
1566090561;23
2390587865;1
2390587865;2
2390587865;3
2390587865;4
2390587865;5
2390587865;6
2390587865;7
2390587865;8
2390587865;9
2390587865;10
2390587865;11
2390587865;12
2390587865;13
2390587865;14
2390587865;15
2390587865;16
2390587865;17
2390587865;18
2390587865;19
2390587865;20
2390587865;21
2390587865;22
2390587865;23
2390587865;24
2390587865;25
2390587865;26
2390587865;27
2139744790;1
2139744790;2
2139744790;3
2139744790;4
2139744790;5
2139744790;6
2139744790;7
2139744790;8
2139744790;9
2139744790;10
2139744790;11
2139744790;12
2139744790;13
2139744790;14
2139744790;15
2139744790;16
2139744790;17
2139744790;18
2139744790;19
2139744790;20
2139744790;21
2139744790;22
2139744790;23
2139744790;24
2139744790;25
2139744790;26
8480622107;1
8480622107;2
8480622107;3
8480622107;4
8480622107;5
8480622107;6
8480622107;7
8480622107;8
8480622107;9
8480622107;10
5567946981;1
5567946981;2
5567946981;3
5567946981;4
5567946981;5
5567946981;6
5567946981;7
5567946981;8
5567946981;9
5567946981;10
5567946981;11
5567946981;12
5567946981;13
5567946981;14
5567946981;15
5567946981;16
5567946981;17
5567946981;18
5567946981;19
5567946981;20
5567946981;21
5567946981;22
5567946981;23
8636525027;1
8636525027;2
8636525027;3
8636525027;4
8636525027;5
8636525027;6
8636525027;7
8636525027;8
8636525027;9
8636525027;10
8636525027;11
8636525027;12
8636525027;13
8636525027;14
8636525027;15
8636525027;16
8636525027;17
8636525027;18
8636525027;19
8636525027;20
8636525027;21
8636525027;22
8636525027;23
8636525027;24
8636525027;25
8636525027;26
8636525027;27
3549776132;1
3549776132;2
3549776132;3
3549776132;4
3549776132;5
3549776132;6
3549776132;7
3549776132;8
3549776132;9
3549776132;10
3549776132;11
3549776132;12
3549776132;13
3549776132;14
3549776132;15
3549776132;16
3549776132;17
3549776132;18
3549776132;19
3549776132;20
3549776132;21
3549776132;22
3549776132;23
3549776132;24
3549776132;25
3549776132;26
3549776132;27
3549776132;28
3549776132;29
3163970710;1
3163970710;2
3163970710;3
3163970710;4
3163970710;5
3163970710;6
3163970710;7
3163970710;8
3163970710;9
3163970710;10
3163970710;11
3163970710;12
3163970710;13
3163970710;14
3163970710;15
6590459705;1
6590459705;2
6590459705;3
6590459705;4
6590459705;5
6590459705;6
6590459705;7
6590459705;8
6590459705;9
6590459705;10
6590459705;11
6590459705;12
6590459705;13
6590459705;14
6590459705;15
6590459705;16
6590459705;17
6590459705;18
6590459705;19
7019900273;1
7019900273;2
7019900273;3
7019900273;4
7019900273;5
7019900273;6
7019900273;7
7019900273;8
7019900273;9
7019900273;10
7019900273;11
7019900273;12
7019900273;13
7019900273;14
7019900273;15
7019900273;16
7019900273;17
7019900273;18
7019900273;19
7019900273;20
7019900273;21
7019900273;22
7019900273;23
7019900273;24
7019900273;25
7019900273;26
7019900273;27
7019900273;28
9202102595;1
9202102595;2
9202102595;3
9202102595;4
9202102595;5
9202102595;6
9202102595;7
9202102595;8
9202102595;9
9202102595;10
9202102595;11
9202102595;12
9202102595;13
9202102595;14
9202102595;15
9202102595;16
9202102595;17
9202102595;18
9202102595;19
9202102595;20
9202102595;21
9202102595;22
9202102595;23
9202102595;24
4862321353;1
4862321353;2
4862321353;3
4862321353;4
4862321353;5
4862321353;6
4862321353;7
4862321353;8
4862321353;9
4862321353;10
4862321353;11
4862321353;12
4862321353;13
4862321353;14
4862321353;15
4862321353;16
4862321353;17
4862321353;18
4862321353;19
4862321353;20
4862321353;21
4862321353;22
4862321353;23
4862321353;24
4862321353;25
3612617557;1
3612617557;2
3612617557;3
3612617557;4
3612617557;5
3612617557;6
3612617557;7
3612617557;8
3612617557;9
3612617557;10
3612617557;11
3612617557;12
3612617557;13
5836956044;1
5836956044;2
5836956044;3
5836956044;4
5836956044;5
5836956044;6
5836956044;7
5836956044;8
5836956044;9
5836956044;10
6561543484;1
6561543484;2
6561543484;3
6561543484;4
6561543484;5
6561543484;6
6561543484;7
6561543484;8
6561543484;9
6561543484;10
6561543484;11
6561543484;12
6561543484;13
6561543484;14
6561543484;15
6561543484;16
6561543484;17
6561543484;18
6561543484;19
6561543484;20
6561543484;21
6561543484;22
6561543484;23
7895255573;1
7895255573;2
7895255573;3
7895255573;4
7895255573;5
7895255573;6
7895255573;7
7895255573;8
7895255573;9
7895255573;10
7895255573;11
7895255573;12
4717261214;1
4717261214;2
4717261214;3
4717261214;4
4717261214;5
4717261214;6
4717261214;7
4717261214;8
4717261214;9
4717261214;10
4717261214;11
4717261214;12
4717261214;13
4717261214;14
4717261214;15
4717261214;16
4717261214;17
4717261214;18
4717261214;19
6276339732;1
6276339732;2
6276339732;3
6276339732;4
6276339732;5
6276339732;6
6276339732;7
6276339732;8
6276339732;9
6276339732;10
6276339732;11
8848705807;1
8848705807;2
8848705807;3
8848705807;4
8848705807;5
8848705807;6
8848705807;7
8848705807;8
8848705807;9
8848705807;10
8848705807;11
8848705807;12
8848705807;13
8848705807;14
8848705807;15
8848705807;16
8848705807;17
8848705807;18
8848705807;19
8848705807;20
8848705807;21
8848705807;22
8848705807;23
8848705807;24
8848705807;25
5703357871;1
5703357871;2
5703357871;3
5703357871;4
5703357871;5
5703357871;6
5703357871;7
5703357871;8
5703357871;9
5703357871;10
5703357871;11
5703357871;12
5703357871;13
5703357871;14
5703357871;15
5703357871;16
5703357871;17
5703357871;18
5703357871;19
5703357871;20
5703357871;21
5703357871;22
5703357871;23
5703357871;24
5703357871;25
5703357871;26
5703357871;27
5703357871;28
5703357871;29
6389710636;1
6389710636;2
6389710636;3
6389710636;4
6389710636;5
6389710636;6
6389710636;7
6389710636;8
6389710636;9
6389710636;10
6389710636;11
6389710636;12
6389710636;13
6389710636;14
3036965074;1
3036965074;2
3036965074;3
3036965074;4
3036965074;5
3036965074;6
3036965074;7
3036965074;8
3036965074;9
3036965074;10
4572433066;1
4572433066;2
4572433066;3
4572433066;4
4572433066;5
4572433066;6
4572433066;7
4572433066;8
4572433066;9
4572433066;10
4572433066;11
4572433066;12
4572433066;13
4572433066;14
4572433066;15
4572433066;16
2854895521;1
2854895521;2
2854895521;3
2854895521;4
2854895521;5
2854895521;6
2854895521;7
2854895521;8
2854895521;9
2854895521;10
2854895521;11
2854895521;12
2854895521;13
2854895521;14
2854895521;15
2854895521;16
2854895521;17
2854895521;18
2854895521;19
2854895521;20
2854895521;21
2854895521;22
2854895521;23
4486522557;1
4486522557;2
4486522557;3
4486522557;4
4486522557;5
4486522557;6
4486522557;7
4486522557;8
4486522557;9
4486522557;10
4486522557;11
4486522557;12
4486522557;13
4486522557;14
4486522557;15
4486522557;16
4486522557;17
4486522557;18
4486522557;19
4486522557;20
4486522557;21
4486522557;22
4486522557;23
5819946657;1
5819946657;2
5819946657;3
5819946657;4
5819946657;5
5819946657;6
5819946657;7
5819946657;8
5819946657;9
5819946657;10
5819946657;11
5819946657;12
5819946657;13
5819946657;14
5819946657;15
5819946657;16
5819946657;17
5819946657;18
5819946657;19
5819946657;20
5819946657;21
5819946657;22
5819946657;23
5819946657;24
5819946657;25
6636925105;1
6636925105;2
6636925105;3
6636925105;4
6636925105;5
6636925105;6
6636925105;7
6636925105;8
6636925105;9
6636925105;10
6636925105;11
6636925105;12
6636925105;13
6636925105;14
6636925105;15
6636925105;16
6636925105;17
6636925105;18
6636925105;19
6636925105;20
6636925105;21
6636925105;22
6636925105;23
6636925105;24
6636925105;25
1913706213;1
1913706213;2
1913706213;3
1913706213;4
1913706213;5
1913706213;6
1913706213;7
1913706213;8
1913706213;9
1913706213;10
1913706213;11
1913706213;12
1913706213;13
1913706213;14
1913706213;15
1913706213;16
1913706213;17
1913706213;18
1913706213;19
1913706213;20
1913706213;21
1913706213;22
1913706213;23
1913706213;24
1913706213;25
1913706213;26
1913706213;27
1913706213;28
5759761714;1
5759761714;2
5759761714;3
5759761714;4
5759761714;5
5759761714;6
5759761714;7
5759761714;8
5759761714;9
5759761714;10
5759761714;11
5759761714;12
5759761714;13
5759761714;14
3391179068;1
3391179068;2
3391179068;3
3391179068;4
3391179068;5
3391179068;6
3391179068;7
3391179068;8
3391179068;9
3391179068;10
3391179068;11
3391179068;12
3391179068;13
3391179068;14
3391179068;15
3391179068;16
3391179068;17
3391179068;18
3391179068;19
3391179068;20
1124352982;1
1124352982;2
1124352982;3
1124352982;4
1124352982;5
1124352982;6
1124352982;7
1124352982;8
1124352982;9
1124352982;10
1124352982;11
1124352982;12
1124352982;13
1124352982;14
1124352982;15
1124352982;16
1124352982;17
1124352982;18
1124352982;19
1124352982;20
6754503097;1
6754503097;2
6754503097;3
6754503097;4
6754503097;5
6754503097;6
6754503097;7
6754503097;8
6754503097;9
6754503097;10
6754503097;11
6754503097;12
6754503097;13
6754503097;14
6754503097;15
6754503097;16
6754503097;17
6754503097;18
8118240999;1
8118240999;2
8118240999;3
8118240999;4
8118240999;5
8118240999;6
8118240999;7
8118240999;8
8118240999;9
8118240999;10
8118240999;11
8118240999;12
8118240999;13
8118240999;14
8118240999;15
8118240999;16
8118240999;17
8118240999;18
8118240999;19
8118240999;20
8118240999;21
1131671246;1
1131671246;2
1131671246;3
1131671246;4
1131671246;5
1131671246;6
1131671246;7
1131671246;8
1131671246;9
1131671246;10
1131671246;11
1131671246;12
1131671246;13
1131671246;14
1131671246;15
1131671246;16
1131671246;17
1131671246;18
1131671246;19
1131671246;20
1131671246;21
1131671246;22
6218955985;1
6218955985;2
6218955985;3
6218955985;4
6218955985;5
6218955985;6
6218955985;7
6218955985;8
6218955985;9
6218955985;10
6218955985;11
6218955985;12
6218955985;13
6218955985;14
6218955985;15
6218955985;16
6218955985;17
6218955985;18
6218955985;19
7243361127;1
7243361127;2
7243361127;3
7243361127;4
7243361127;5
7243361127;6
7243361127;7
7243361127;8
7243361127;9
7243361127;10
7243361127;11
7243361127;12
7243361127;13
7243361127;14
7243361127;15
7243361127;16
7243361127;17
7243361127;18
7243361127;19
7243361127;20
7243361127;21
7243361127;22
7243361127;23
7243361127;24
7243361127;25
7243361127;26
7243361127;27
7243361127;28
7243361127;29
7243361127;30
6884333221;1
6884333221;2
6884333221;3
6884333221;4
6884333221;5
6884333221;6
6884333221;7
6884333221;8
6884333221;9
6884333221;10
6884333221;11
6884333221;12
6884333221;13
6884333221;14
6884333221;15
6884333221;16
6884333221;17
6884333221;18
6884333221;19
6884333221;20
6884333221;21
6884333221;22
6884333221;23
6884333221;24
6884333221;25
6884333221;26
6884333221;27
6884333221;28
1225953184;1
1225953184;2
1225953184;3
1225953184;4
1225953184;5
1225953184;6
1225953184;7
1225953184;8
1225953184;9
1225953184;10
9803662851;1
9803662851;2
9803662851;3
9803662851;4
9803662851;5
9803662851;6
9803662851;7
9803662851;8
9803662851;9
9803662851;10
9803662851;11
9803662851;12
9803662851;13
9803662851;14
9803662851;15
9803662851;16
9803662851;17
9803662851;18
9803662851;19
9803662851;20
9803662851;21
9803662851;22
9803662851;23
9803662851;24
9803662851;25
9803662851;26
9803662851;27
9803662851;28
9803662851;29
6463640105;1
6463640105;2
6463640105;3
6463640105;4
6463640105;5
6463640105;6
6463640105;7
6463640105;8
6463640105;9
6463640105;10
6463640105;11
6463640105;12
6463640105;13
6463640105;14
6463640105;15
6463640105;16
6463640105;17
6463640105;18
6463640105;19
6463640105;20
6463640105;21
6463640105;22
6463640105;23
6463640105;24
6463640105;25
6463640105;26
6463640105;27
6463640105;28
6463640105;29
7193532615;1
7193532615;2
7193532615;3
7193532615;4
7193532615;5
7193532615;6
7193532615;7
7193532615;8
7193532615;9
7193532615;10
7193532615;11
7193532615;12
7193532615;13
7193532615;14
7193532615;15
7193532615;16
7193532615;17
7193532615;18
7193532615;19
3200510647;1
3200510647;2
3200510647;3
3200510647;4
3200510647;5
3200510647;6
3200510647;7
3200510647;8
3200510647;9
3200510647;10
3200510647;11
2846465000;1
2846465000;2
2846465000;3
2846465000;4
2846465000;5
2846465000;6
2846465000;7
2846465000;8
2846465000;9
2846465000;10
2846465000;11
2846465000;12
2846465000;13
2846465000;14
2846465000;15
2846465000;16
2846465000;17
2846465000;18
2846465000;19
7842459488;1
7842459488;2
7842459488;3
7842459488;4
7842459488;5
7842459488;6
7842459488;7
7842459488;8
7842459488;9
7842459488;10
7842459488;11
7842459488;12
8160279830;1
8160279830;2
8160279830;3
8160279830;4
8160279830;5
8160279830;6
8160279830;7
8160279830;8
8160279830;9
8160279830;10
8160279830;11
8160279830;12
8160279830;13
8160279830;14
8160279830;15
8160279830;16
8160279830;17
8160279830;18
8160279830;19
8160279830;20
8160279830;21
8160279830;22
8160279830;23
8160279830;24
8160279830;25
8160279830;26
6242086783;1
6242086783;2
6242086783;3
6242086783;4
6242086783;5
6242086783;6
6242086783;7
6242086783;8
6242086783;9
6242086783;10
6242086783;11
6242086783;12
6242086783;13
6242086783;14
6242086783;15
6242086783;16
6242086783;17
6242086783;18
6242086783;19
6242086783;20
6242086783;21
6242086783;22
6242086783;23
6242086783;24
6242086783;25
6242086783;26
6242086783;27
6242086783;28
6242086783;29
6242086783;30
1033015788;1
1033015788;2
1033015788;3
1033015788;4
1033015788;5
1033015788;6
1033015788;7
1033015788;8
1033015788;9
1033015788;10
1033015788;11
1033015788;12
1033015788;13
1033015788;14
1033015788;15
1033015788;16
1033015788;17
1033015788;18
1033015788;19
1033015788;20
1033015788;21
5060136033;1
5060136033;2
5060136033;3
5060136033;4
5060136033;5
5060136033;6
5060136033;7
5060136033;8
5060136033;9
5060136033;10
5060136033;11
5060136033;12
5060136033;13
5060136033;14
5060136033;15
5060136033;16
5060136033;17
5060136033;18
8577013359;1
8577013359;2
8577013359;3
8577013359;4
8577013359;5
8577013359;6
8577013359;7
8577013359;8
8577013359;9
8577013359;10
8577013359;11
8577013359;12
8577013359;13
8577013359;14
8577013359;15
8577013359;16
8577013359;17
2409274786;1
2409274786;2
2409274786;3
2409274786;4
2409274786;5
2409274786;6
2409274786;7
2409274786;8
2409274786;9
2409274786;10
2409274786;11
2409274786;12
2409274786;13
2409274786;14
2409274786;15
2409274786;16
2409274786;17
2409274786;18
2409274786;19
2409274786;20
2409274786;21
2409274786;22
2409274786;23
2409274786;24
2409274786;25
2409274786;26
2409274786;27
2409274786;28
2409274786;29
2409274786;30
2849649210;1
2849649210;2
2849649210;3
2849649210;4
2849649210;5
2849649210;6
2849649210;7
2849649210;8
2849649210;9
2849649210;10
2849649210;11
2849649210;12
2849649210;13
2849649210;14
2849649210;15
2849649210;16
2849649210;17
2849649210;18
2849649210;19
2849649210;20
2849649210;21
2849649210;22
2849649210;23
2849649210;24
2849649210;25
2849649210;26
2849649210;27
2849649210;28
4022245086;1
4022245086;2
4022245086;3
4022245086;4
4022245086;5
4022245086;6
4022245086;7
4022245086;8
4022245086;9
4022245086;10
4022245086;11
4022245086;12
4022245086;13
2521136431;1
2521136431;2
2521136431;3
2521136431;4
2521136431;5
2521136431;6
2521136431;7
2521136431;8
2521136431;9
2521136431;10
2521136431;11
2521136431;12
2521136431;13
2521136431;14
2521136431;15
2521136431;16
2521136431;17
2521136431;18
2521136431;19
5476654128;1
5476654128;2
5476654128;3
5476654128;4
5476654128;5
5476654128;6
5476654128;7
5476654128;8
5476654128;9
5476654128;10
5476654128;11
