numeroRicetta;libro;numeroPagina
43;7313646580;1
10;7313646580;1
20;7313646580;2
45;7313646580;3
43;7313646580;3
9;7313646580;4
46;7313646580;5
6;7313646580;5
36;7313646580;6
42;7313646580;7
9;7313646580;8
45;7313646580;9
48;7313646580;9
34;7313646580;10
6;7313646580;10
43;7313646580;11
28;7313646580;11
24;7313646580;12
2;7313646580;12
20;7313646580;13
50;7313646580;16
13;7313646580;17
7;7313646580;22
50;7313646580;23
35;7313646580;23
34;6726515966;1
3;6726515966;1
22;6726515966;2
50;6726515966;2
9;6726515966;3
39;6726515966;3
10;6726515966;4
50;6726515966;7
40;6726515966;7
29;6726515966;9
3;6726515966;9
24;6726515966;10
47;6726515966;11
16;6726515966;11
40;4683935600;1
49;4683935600;2
29;4683935600;3
15;4683935600;3
16;4683935600;4
20;4683935600;4
13;4683935600;5
44;4683935600;6
29;4683935600;7
30;4683935600;7
50;4683935600;8
33;4683935600;9
27;4683935600;10
11;4683935600;10
9;4683935600;12
17;4683935600;12
31;4683935600;14
24;4683935600;14
7;4683935600;15
46;4683935600;15
8;4683935600;16
19;4683935600;16
29;4683935600;19
10;7422990551;1
28;7422990551;1
23;7422990551;4
4;7422990551;6
33;7422990551;7
16;7422990551;8
6;7422990551;9
15;7422990551;10
7;7422990551;12
42;7422990551;13
22;7422990551;13
31;7422990551;17
9;7422990551;18
49;7422990551;18
31;7422990551;19
29;7422990551;19
1;7422990551;20
6;7422990551;20
14;7422990551;22
47;7422990551;24
39;7422990551;24
28;7422990551;25
8;7422990551;25
16;7422990551;26
8;7422990551;27
41;3362646960;3
30;3362646960;4
5;3362646960;4
39;3362646960;6
2;3362646960;7
41;3362646960;7
37;3362646960;8
16;3362646960;8
10;3362646960;9
19;3362646960;9
1;3362646960;10
23;3362646960;11
16;3362646960;11
27;3362646960;12
12;3362646960;12
43;3362646960;13
6;3362646960;13
24;3362646960;14
5;3362646960;14
35;3362646960;15
33;3362646960;15
36;3362646960;16
2;3362646960;16
31;3362646960;17
25;3362646960;19
24;3362646960;19
48;3362646960;20
5;3362646960;22
16;5673181221;1
43;5673181221;2
41;5673181221;2
48;5673181221;4
49;5673181221;4
9;5673181221;5
35;5673181221;7
42;5673181221;8
30;5673181221;10
45;5673181221;10
41;5673181221;11
50;5673181221;15
30;5673181221;15
13;5673181221;17
20;5673181221;21
26;5673181221;22
35;5673181221;22
17;5673181221;23
13;5673181221;25
19;5673181221;25
50;5673181221;26
22;2388450337;1
18;2388450337;1
28;2388450337;3
48;2388450337;4
25;2388450337;5
12;2388450337;6
45;2388450337;7
24;2388450337;8
18;2388450337;9
6;2388450337;9
28;2388450337;10
6;2388450337;10
39;2388450337;11
19;2388450337;13
21;2388450337;13
43;2388450337;16
20;2388450337;17
39;2388450337;18
28;2388450337;19
11;2388450337;19
29;2388450337;20
23;2388450337;20
3;2388450337;21
23;9594878379;1
40;9594878379;1
18;9594878379;2
4;9594878379;3
5;9594878379;3
41;9594878379;4
26;9594878379;4
33;9594878379;5
44;9594878379;6
11;9594878379;6
44;9594878379;9
29;9594878379;9
24;9594878379;14
24;9594878379;14
37;9594878379;15
10;9594878379;17
44;9594878379;17
24;9594878379;18
29;9594878379;19
9;9594878379;21
34;9594878379;21
26;9594878379;22
42;9594878379;23
16;9594878379;24
12;9594878379;27
32;9594878379;27
25;9594878379;28
36;9594878379;28
50;7279140605;1
46;7279140605;2
14;7279140605;3
19;7279140605;4
45;7279140605;4
13;7279140605;5
12;7279140605;9
29;7279140605;10
6;7279140605;10
21;7279140605;11
43;7279140605;11
46;7279140605;12
35;7279140605;14
19;7279140605;14
11;7279140605;15
46;7279140605;16
45;7279140605;16
12;7279140605;17
24;7279140605;17
15;7279140605;18
8;7279140605;18
2;7279140605;22
36;8543865915;1
24;8543865915;2
30;8543865915;2
9;8543865915;3
40;8543865915;3
26;8543865915;6
47;8543865915;7
31;8543865915;7
27;8543865915;8
50;8543865915;8
37;8543865915;9
42;8543865915;12
30;8543865915;14
34;8543865915;15
23;8543865915;15
41;8543865915;17
38;8543865915;17
33;4264134512;2
10;4264134512;5
20;4264134512;5
46;4264134512;8
34;4264134512;10
6;4264134512;11
13;4264134512;12
36;6532043071;1
18;6532043071;1
20;6532043071;3
40;6532043071;3
6;6532043071;4
33;6532043071;4
11;6532043071;5
38;6532043071;5
10;6532043071;6
11;6532043071;6
40;6532043071;7
47;6532043071;7
22;6532043071;8
37;6532043071;8
50;6532043071;13
37;6532043071;13
42;6532043071;14
27;6532043071;16
40;6532043071;16
2;6532043071;17
32;6532043071;17
35;6532043071;18
19;6532043071;18
20;6532043071;19
31;6532043071;19
26;6532043071;21
20;6532043071;21
5;1521521078;1
4;1521521078;2
11;1521521078;2
27;1521521078;3
30;1521521078;4
39;1521521078;6
46;1521521078;8
47;1521521078;9
26;4048494026;1
33;4048494026;3
7;4048494026;4
21;4048494026;4
8;4048494026;6
29;4048494026;7
25;4048494026;12
27;4048494026;13
16;4048494026;13
37;4048494026;15
21;4048494026;16
13;4048494026;16
33;4048494026;18
32;4048494026;19
32;3365835550;1
33;3365835550;4
16;3365835550;5
23;3365835550;7
4;3365835550;7
32;3365835550;9
42;3365835550;10
44;3365835550;10
19;3365835550;11
1;3365835550;12
7;3365835550;12
9;3365835550;13
47;3365835550;14
49;1400330495;1
24;1400330495;2
4;1400330495;4
36;1400330495;5
13;1400330495;5
36;1400330495;6
5;1400330495;7
33;1400330495;8
49;1400330495;9
18;1400330495;10
40;1400330495;10
40;1400330495;11
8;1400330495;11
24;1400330495;14
36;1400330495;15
49;1400330495;16
33;1400330495;19
26;1400330495;19
3;1400330495;20
3;1400330495;20
22;1400330495;23
31;1400330495;23
30;1400330495;24
10;1400330495;24
33;1400330495;25
9;1400330495;25
40;1400330495;26
11;1400330495;27
40;1400330495;28
20;4574027737;1
38;4574027737;1
33;4574027737;2
35;4574027737;3
32;4574027737;3
37;4574027737;4
20;4574027737;4
2;4574027737;5
22;4574027737;6
8;4574027737;7
27;4574027737;7
20;4574027737;8
47;4574027737;8
41;4574027737;9
2;4574027737;9
31;4574027737;10
17;4574027737;10
50;4574027737;11
38;4574027737;11
15;4574027737;12
47;4574027737;12
31;4574027737;14
11;4574027737;14
41;4574027737;15
47;4574027737;15
50;4574027737;16
25;4574027737;16
16;4574027737;18
3;4574027737;18
45;4574027737;19
8;4574027737;19
21;4574027737;22
10;4574027737;23
45;8324687182;1
33;8324687182;3
31;8324687182;4
48;8324687182;4
4;8324687182;5
46;8324687182;5
14;8324687182;7
36;8324687182;7
43;8324687182;8
34;8324687182;9
21;8324687182;10
35;8324687182;12
35;8324687182;13
44;8324687182;14
44;8324687182;15
42;8324687182;15
17;8324687182;16
40;8324687182;16
13;8324687182;17
36;8324687182;19
15;8324687182;20
50;8880079328;1
46;8880079328;2
46;8880079328;4
32;8880079328;4
31;8880079328;5
36;8880079328;6
18;8880079328;7
19;8880079328;7
44;8880079328;9
35;8880079328;9
26;8880079328;10
50;8880079328;11
3;6341783555;2
46;6341783555;3
29;6341783555;5
17;6341783555;6
48;6341783555;6
14;6341783555;7
18;6341783555;9
36;6341783555;9
18;6341783555;10
9;6341783555;10
48;6341783555;12
38;6341783555;12
34;6341783555;16
15;6341783555;16
15;6341783555;17
4;6341783555;17
22;6341783555;19
31;6341783555;20
7;6341783555;20
50;6341783555;21
9;6341783555;21
11;2647489402;1
27;2647489402;1
31;2647489402;2
31;2647489402;2
13;2647489402;3
49;2647489402;3
21;2647489402;4
42;2647489402;5
37;2647489402;8
15;2647489402;8
48;2647489402;9
47;2647489402;9
12;2647489402;12
32;5594799319;2
19;5594799319;4
3;5594799319;4
37;5594799319;6
7;5594799319;7
22;5594799319;7
30;5594799319;8
35;5594799319;9
34;5594799319;9
9;5594799319;10
30;5594799319;11
18;5594799319;11
11;5594799319;14
30;5594799319;15
42;5594799319;15
46;5594799319;16
22;5305985001;3
19;5305985001;3
44;5305985001;4
49;5305985001;4
41;5305985001;7
26;5305985001;7
33;5305985001;8
6;5305985001;9
43;5305985001;10
21;5305985001;14
25;5305985001;17
49;5305985001;19
22;5305985001;20
38;5305985001;21
37;5305985001;22
1;5305985001;22
42;8129391249;1
45;8129391249;2
8;8129391249;5
30;8129391249;5
11;8129391249;6
44;8129391249;7
46;8129391249;8
50;8129391249;8
45;8129391249;9
19;8129391249;11
24;8129391249;11
15;8129391249;12
15;8129391249;12
10;8129391249;14
48;8129391249;15
24;8129391249;16
27;8129391249;16
36;8129391249;17
31;8129391249;17
43;8129391249;18
14;8129391249;18
49;8129391249;20
39;8129391249;20
29;8129391249;22
34;8129391249;22
24;8129391249;23
5;8129391249;23
8;8129391249;24
4;8129391249;24
33;8129391249;25
13;8129391249;25
35;8129391249;26
10;8129391249;26
34;7375197714;1
8;7375197714;2
14;7375197714;3
46;7375197714;3
32;7375197714;4
6;7375197714;4
29;7375197714;5
4;7375197714;5
9;7375197714;6
27;7375197714;7
30;7375197714;7
4;7375197714;8
36;7375197714;8
44;7375197714;9
47;7375197714;10
17;7375197714;12
14;7375197714;14
38;7375197714;14
23;7375197714;17
5;7375197714;18
35;7375197714;18
3;7375197714;21
27;7628981661;1
47;7628981661;4
42;7628981661;4
24;7628981661;5
29;7628981661;6
25;7628981661;7
43;7628981661;9
35;7628981661;9
23;7628981661;11
8;7628981661;11
26;7628981661;13
34;7628981661;13
15;7628981661;15
1;7628981661;15
30;7628981661;17
47;7628981661;18
35;7628981661;18
35;7628981661;19
15;7628981661;20
23;7628981661;22
13;7628981661;24
49;7628981661;25
8;7628981661;25
27;9301537234;2
40;9301537234;2
3;9301537234;8
29;9301537234;8
44;9301537234;9
46;9301537234;9
3;2644847276;1
26;2644847276;1
15;2644847276;2
14;2644847276;3
49;2644847276;3
19;2644847276;6
15;2644847276;6
37;2644847276;7
21;2644847276;7
39;2644847276;8
50;2644847276;8
21;2644847276;9
16;2644847276;9
10;2644847276;10
34;2644847276;11
15;2644847276;11
20;2644847276;12
4;2644847276;13
38;2644847276;14
48;2644847276;14
44;2644847276;16
28;2644847276;16
32;2644847276;17
4;2644847276;17
42;2644847276;18
25;2644847276;19
34;2644847276;19
45;2644847276;20
27;2644847276;21
25;5482431018;2
31;5482431018;4
16;5482431018;4
46;5482431018;6
4;5482431018;8
27;5482431018;9
27;5482431018;9
34;5482431018;10
9;5482431018;10
16;5482431018;11
14;5482431018;12
42;5482431018;13
24;5482431018;15
47;5482431018;17
13;5482431018;17
25;8779941999;1
39;8779941999;2
39;8779941999;2
47;8779941999;6
43;8779941999;6
14;8779941999;7
31;8779941999;7
20;8779941999;9
8;8779941999;13
48;8779941999;13
16;8779941999;14
39;8779941999;15
46;8779941999;15
16;8779941999;17
21;8779941999;18
50;8779941999;18
25;8779941999;19
35;5948254671;1
23;5948254671;2
20;5948254671;2
24;5948254671;3
32;5948254671;4
30;5948254671;4
31;5948254671;6
49;5948254671;6
14;5948254671;7
21;5948254671;8
3;5948254671;9
15;5948254671;10
48;5948254671;10
36;5948254671;13
38;5948254671;14
47;5948254671;14
19;5948254671;15
15;8924383984;2
37;8924383984;3
36;8924383984;5
44;8924383984;6
22;8924383984;6
49;8924383984;7
47;8924383984;8
48;8924383984;9
32;8924383984;9
11;8924383984;10
23;8924383984;11
11;8924383984;11
35;8924383984;13
32;8924383984;13
42;8924383984;15
4;8924383984;15
3;8924383984;16
5;8924383984;16
4;8924383984;17
49;8924383984;17
9;8924383984;19
15;2962491159;1
5;2962491159;1
10;2962491159;2
1;2962491159;2
30;2962491159;4
24;2962491159;4
41;2962491159;6
43;2962491159;6
31;2962491159;7
43;2962491159;7
2;2962491159;8
36;2962491159;10
27;2962491159;10
47;2962491159;13
18;2962491159;13
19;2962491159;14
2;2962491159;14
45;1662976399;1
44;1662976399;1
12;1662976399;2
10;1662976399;5
16;1662976399;5
34;1662976399;7
17;1662976399;7
18;1662976399;8
6;1662976399;9
26;1662976399;10
37;1662976399;11
15;6433231472;2
20;6433231472;2
6;6433231472;3
42;6433231472;3
49;6433231472;4
3;6433231472;4
25;6433231472;6
36;6433231472;7
4;6433231472;8
1;6433231472;9
45;6433231472;9
28;6433231472;12
22;6433231472;13
37;6433231472;13
3;6433231472;15
15;6433231472;15
37;6433231472;17
31;6433231472;17
3;6433231472;18
18;6433231472;20
35;6433231472;20
43;6433231472;21
3;6433231472;21
2;6433231472;23
10;6433231472;25
49;6433231472;25
26;3791027186;1
5;3791027186;1
11;3791027186;2
16;3791027186;3
37;3791027186;3
44;3791027186;4
22;3791027186;5
25;3791027186;5
9;3791027186;6
45;3791027186;6
6;3791027186;7
33;3791027186;7
23;3791027186;8
4;3791027186;8
15;3791027186;10
39;3791027186;12
39;3791027186;13
26;3791027186;13
2;3791027186;14
18;3791027186;15
29;3791027186;15
15;3791027186;16
36;3791027186;17
28;3791027186;18
38;3791027186;20
43;3791027186;20
6;3791027186;21
19;3791027186;22
16;3791027186;22
5;3791027186;23
6;3791027186;23
10;3791027186;24
46;3791027186;25
10;3791027186;26
48;3791027186;26
21;3791027186;27
7;3791027186;28
29;8556573246;2
49;8556573246;3
7;8556573246;4
29;8556573246;8
36;8556573246;9
33;8556573246;9
7;8556573246;10
36;9744120054;1
39;9744120054;3
21;9744120054;3
1;9744120054;4
27;9744120054;5
50;9744120054;6
36;9744120054;8
16;9744120054;8
34;9744120054;9
11;9744120054;9
25;9744120054;10
11;9744120054;10
20;9744120054;12
32;9744120054;13
18;9744120054;17
20;9744120054;18
5;9744120054;19
17;9744120054;20
41;9744120054;22
32;9744120054;22
40;9744120054;23
13;9744120054;23
7;9744120054;24
1;5683143581;1
22;5683143581;2
25;5683143581;3
22;5683143581;3
22;5683143581;4
42;5683143581;5
9;5683143581;6
20;5683143581;6
39;5683143581;7
13;5683143581;8
31;5683143581;8
12;5683143581;9
21;5683143581;10
48;5683143581;11
41;5683143581;12
32;5683143581;12
16;5683143581;13
21;5683143581;13
18;5683143581;14
24;5683143581;15
13;5683143581;17
38;5683143581;17
12;5683143581;18
44;5683143581;18
2;5683143581;19
47;5683143581;19
46;5683143581;20
19;5683143581;22
5;5683143581;23
27;5683143581;23
32;5683143581;24
9;5683143581;24
20;5683143581;25
16;5683143581;25
43;5726642606;1
28;5726642606;3
25;5726642606;3
39;5726642606;5
38;5726642606;6
35;5726642606;7
45;5726642606;8
27;5726642606;8
3;5726642606;9
24;5726642606;9
35;5726642606;10
39;5726642606;10
6;5726642606;11
7;5726642606;11
43;5726642606;13
23;5726642606;13
40;5726642606;15
3;5726642606;15
42;8275679594;1
44;8275679594;1
26;8275679594;2
49;8275679594;2
28;8275679594;3
15;8275679594;7
48;8275679594;8
34;8275679594;8
38;8275679594;9
45;8275679594;9
15;8275679594;10
29;8275679594;10
26;8275679594;11
50;8275679594;12
38;8275679594;13
45;8275679594;13
10;8275679594;14
23;8275679594;14
7;8275679594;16
27;8275679594;17
10;8275679594;20
23;8275679594;20
22;5492496998;1
14;5492496998;2
31;5492496998;3
23;5492496998;3
7;5492496998;4
47;5492496998;5
29;5492496998;6
21;5492496998;6
3;5492496998;8
8;5492496998;9
2;5492496998;9
42;5492496998;10
11;5492496998;12
48;5492496998;12
12;5492496998;14
36;5492496998;14
36;5492496998;16
30;5492496998;17
41;5492496998;19
43;6554972315;2
28;6554972315;2
2;6554972315;3
40;6554972315;4
13;6554972315;4
38;6554972315;5
25;6554972315;6
14;6554972315;8
14;6554972315;8
49;6554972315;9
5;6554972315;10
37;6554972315;10
12;6554972315;12
24;6554972315;12
13;6554972315;13
8;6554972315;14
43;6554972315;15
34;6554972315;16
21;6554972315;17
39;6554972315;17
40;6554972315;18
38;6554972315;19
23;6554972315;21
40;6554972315;22
46;6554972315;24
20;6554972315;24
38;6554972315;25
6;6554972315;25
9;6554972315;26
21;6554972315;26
8;6554972315;29
45;2849785671;2
25;2849785671;4
27;2849785671;4
9;2849785671;5
37;2849785671;5
28;2849785671;6
41;2849785671;8
45;2849785671;9
42;2849785671;9
11;2849785671;11
32;2849785671;11
9;2849785671;12
29;7576309274;1
4;7576309274;2
23;7576309274;2
9;7576309274;4
36;7576309274;6
42;7576309274;7
32;7576309274;7
44;7576309274;8
27;7576309274;9
29;7576309274;10
32;7576309274;10
2;7576309274;13
49;7576309274;13
3;7576309274;15
15;7576309274;16
19;1730074215;1
11;1730074215;1
37;1730074215;2
50;1730074215;3
50;1730074215;3
36;1730074215;4
8;1730074215;5
37;1730074215;5
50;1730074215;7
24;1730074215;8
35;1730074215;8
29;1730074215;10
35;1730074215;10
7;1730074215;12
42;3934040683;1
49;3934040683;1
3;3934040683;3
17;3934040683;4
6;3934040683;5
8;3934040683;6
38;3934040683;9
45;3934040683;9
46;3934040683;10
41;3934040683;11
28;3934040683;11
9;3934040683;13
14;3934040683;13
23;1614685938;3
35;1614685938;3
39;1614685938;4
11;1614685938;5
21;1614685938;5
19;1614685938;6
19;1614685938;6
18;1614685938;7
33;1614685938;7
7;1614685938;8
9;1614685938;8
4;1614685938;9
42;1614685938;10
9;1614685938;12
16;1614685938;12
21;1614685938;14
16;1614685938;14
26;1614685938;15
32;1614685938;15
41;1614685938;17
18;1614685938;17
27;8034746821;1
25;8034746821;1
5;8034746821;2
50;8034746821;3
6;8034746821;3
33;8034746821;4
18;8034746821;5
45;8034746821;5
30;8034746821;6
21;8034746821;7
1;8034746821;8
50;8034746821;8
6;8034746821;9
47;8034746821;9
41;8034746821;10
45;8034746821;11
23;8034746821;11
26;8034746821;13
14;8034746821;13
14;8034746821;14
18;8034746821;15
19;8750840032;1
36;8750840032;2
9;8750840032;3
37;8750840032;3
22;8750840032;4
49;8750840032;5
4;8750840032;5
30;8750840032;8
2;8750840032;8
30;8750840032;11
13;8750840032;13
9;8750840032;14
42;8750840032;14
11;1678500147;1
6;1678500147;2
24;1678500147;3
17;1678500147;3
43;1678500147;5
11;1678500147;6
4;1678500147;6
41;1678500147;7
47;1678500147;8
49;1678500147;9
15;1678500147;9
42;1678500147;10
7;1678500147;12
1;1678500147;12
5;1678500147;14
15;1678500147;16
34;1678500147;16
29;1678500147;17
1;1678500147;17
22;1678500147;19
8;1678500147;19
45;1678500147;20
5;1678500147;22
6;1678500147;24
7;1678500147;25
7;1678500147;25
24;1678500147;26
9;1678500147;27
50;1678500147;28
44;9354723429;2
10;9354723429;2
37;9354723429;4
1;9354723429;4
42;9354723429;5
11;9354723429;5
23;9354723429;6
14;9354723429;7
41;9354723429;7
10;9354723429;8
27;9354723429;8
44;9354723429;9
29;9354723429;9
47;6369130994;2
25;6369130994;2
28;6369130994;3
9;6369130994;4
42;6369130994;6
39;6369130994;9
39;6369130994;9
39;6369130994;10
19;6369130994;10
2;6369130994;11
43;6369130994;11
14;6369130994;12
39;6369130994;13
33;6369130994;13
26;6369130994;15
19;6369130994;15
4;6369130994;16
16;6369130994;16
25;6369130994;17
41;6369130994;20
5;6369130994;21
34;6369130994;21
21;6369130994;23
37;6369130994;25
24;6369130994;26
44;6369130994;27
12;6369130994;27
50;6369130994;28
5;3075362821;2
1;3075362821;2
14;3075362821;3
33;3075362821;6
41;3075362821;7
33;3075362821;8
50;3075362821;8
28;3075362821;9
26;3075362821;10
6;3075362821;10
35;3075362821;11
35;3075362821;11
10;8298348088;1
18;8298348088;1
6;8298348088;3
14;8298348088;4
10;8298348088;4
21;8298348088;5
26;8298348088;5
41;8298348088;6
49;8298348088;6
44;8298348088;7
42;8298348088;7
45;8298348088;9
47;8298348088;10
8;8122042835;1
40;8122042835;2
4;8122042835;3
20;8122042835;3
48;8122042835;4
43;8122042835;4
12;8122042835;5
8;8122042835;5
9;8122042835;7
45;8122042835;7
23;8122042835;10
34;8122042835;11
47;8122042835;11
11;8122042835;12
9;8122042835;13
50;8122042835;14
18;8122042835;14
8;8122042835;15
50;8122042835;15
28;8122042835;17
34;8122042835;18
46;8122042835;20
41;8122042835;21
5;8122042835;21
30;8122042835;22
24;8122042835;23
4;8122042835;23
37;8122042835;24
11;8122042835;26
50;8122042835;27
44;8122042835;29
47;8122042835;29
33;9624715092;3
1;9624715092;3
24;9624715092;8
10;9624715092;9
46;9624715092;12
48;9624715092;12
27;9624715092;13
15;9624715092;13
16;9624715092;14
47;9624715092;15
18;9624715092;16
24;9624715092;18
8;9624715092;18
44;9624715092;19
4;9624715092;19
3;9624715092;22
26;9624715092;22
19;9624715092;24
21;8495457335;1
30;8495457335;3
1;8495457335;3
13;8495457335;4
37;8495457335;5
48;8495457335;6
16;8495457335;7
30;8495457335;7
38;8495457335;8
50;8495457335;9
35;8495457335;11
49;8495457335;11
2;8495457335;15
23;8495457335;17
41;8495457335;17
1;8495457335;18
22;8495457335;18
25;8495457335;20
48;8495457335;20
20;8495457335;21
7;8495457335;21
16;8495457335;23
27;8495457335;23
4;8739238825;1
18;8739238825;3
6;8739238825;3
27;8739238825;6
45;8739238825;6
30;8739238825;7
6;8739238825;8
38;8739238825;8
9;8739238825;10
41;8739238825;10
5;8739238825;11
37;8739238825;12
4;8739238825;12
43;8739238825;13
17;8739238825;16
26;8739238825;17
48;8739238825;18
21;8739238825;18
29;8739238825;19
15;8739238825;20
7;8739238825;24
10;8739238825;24
30;8739238825;27
27;3734252963;1
23;3734252963;3
50;3734252963;3
20;3734252963;5
17;3734252963;6
20;3734252963;10
46;3734252963;10
39;3734252963;11
3;3734252963;11
10;3734252963;13
16;3734252963;15
23;3734252963;15
33;3734252963;16
20;3734252963;18
17;3734252963;18
29;3734252963;21
48;3734252963;22
36;3734252963;22
7;3734252963;25
24;4600630513;6
41;4600630513;7
42;4600630513;7
38;4600630513;9
17;4600630513;9
29;4600630513;14
9;4600630513;14
8;4600630513;16
4;4600630513;18
28;4600630513;20
47;4600630513;20
32;4600630513;21
44;4600630513;23
12;3776011793;1
14;3776011793;2
18;3776011793;4
10;3776011793;5
40;3776011793;7
40;3776011793;7
19;3776011793;9
32;3776011793;9
36;3776011793;10
4;3776011793;11
25;3776011793;13
13;3776011793;15
34;3776011793;16
16;3776011793;16
35;3776011793;17
2;3776011793;17
46;3776011793;18
31;3776011793;19
32;3776011793;20
23;3776011793;20
33;3776011793;21
21;3776011793;21
18;3776011793;22
39;3776011793;25
4;3776011793;28
34;3776011793;29
50;3776011793;30
15;8682023540;1
11;8682023540;1
16;8682023540;4
18;8682023540;4
48;8682023540;5
4;8682023540;5
25;8682023540;7
23;8682023540;7
21;8682023540;11
48;8682023540;11
23;8682023540;12
38;8682023540;12
45;8682023540;14
23;8682023540;14
37;8682023540;15
10;8682023540;15
13;8682023540;16
32;8682023540;16
20;8682023540;17
12;8682023540;17
3;8682023540;18
15;8682023540;22
2;8682023540;22
31;8682023540;23
1;8682023540;23
40;8682023540;24
46;8682023540;27
4;7784217828;2
46;7784217828;5
10;7784217828;5
24;7784217828;7
5;7784217828;7
46;7784217828;8
26;7784217828;9
38;7784217828;9
20;7784217828;11
9;7784217828;12
28;7784217828;14
41;7784217828;14
42;7784217828;15
12;7784217828;16
36;7784217828;17
45;7784217828;17
23;7784217828;18
15;7784217828;18
38;7784217828;19
12;7784217828;19
20;7784217828;20
45;7784217828;21
19;7784217828;21
1;7784217828;24
45;7784217828;24
26;7784217828;25
50;7784217828;25
3;7784217828;26
12;7784217828;26
21;7784217828;27
40;7784217828;27
37;7784217828;29
7;7784217828;29
10;6562457052;1
48;6562457052;2
21;6562457052;5
6;6562457052;7
46;6562457052;7
41;6562457052;8
47;6562457052;8
29;6562457052;9
14;6562457052;11
5;6562457052;13
23;6562457052;13
7;6562457052;14
1;6562457052;15
4;6562457052;15
29;6562457052;16
27;6562457052;17
11;6562457052;17
32;6562457052;18
23;6562457052;19
25;6562457052;20
7;6562457052;20
37;6562457052;21
49;6562457052;22
44;6562457052;22
5;6562457052;25
2;6562457052;27
17;6562457052;28
11;1754368373;2
11;1754368373;3
5;1754368373;4
36;1754368373;4
39;1754368373;6
31;1754368373;7
46;1754368373;7
42;1754368373;9
28;1754368373;11
11;1754368373;11
14;1754368373;14
45;1754368373;16
47;1754368373;17
47;1754368373;17
17;1754368373;18
43;1754368373;18
20;1754368373;19
37;1754368373;23
32;1754368373;24
10;1754368373;24
1;1754368373;26
6;1754368373;27
43;1754368373;28
39;6001680218;1
31;6001680218;1
19;6001680218;7
6;6001680218;7
8;6001680218;8
26;6001680218;9
32;6001680218;10
17;6001680218;11
6;6001680218;11
35;6001680218;12
25;6001680218;12
25;6001680218;14
12;6001680218;15
3;6001680218;16
29;6001680218;17
17;6001680218;18
37;9033293776;1
43;9033293776;4
7;9033293776;4
23;9033293776;6
35;9033293776;6
49;9033293776;7
15;9033293776;8
36;9033293776;8
34;9033293776;10
35;9033293776;11
31;9033293776;12
37;9033293776;12
20;9033293776;14
46;9033293776;16
37;9033293776;18
34;9033293776;18
44;9033293776;19
40;9033293776;19
12;9033293776;22
6;9033293776;28
28;9033293776;29
13;9033293776;29
10;1323408297;1
39;1323408297;1
21;1323408297;2
5;1323408297;3
6;1323408297;3
36;1323408297;4
36;1323408297;5
18;1323408297;6
30;1323408297;7
1;1323408297;7
40;1323408297;8
38;1323408297;8
27;1323408297;9
8;1323408297;9
10;1323408297;10
38;1323408297;12
38;1323408297;12
50;1323408297;15
7;1323408297;15
35;1323408297;16
27;1323408297;17
25;1323408297;18
32;1323408297;19
37;1323408297;19
31;9503787171;1
3;9503787171;1
26;9503787171;3
39;9503787171;5
44;9503787171;5
26;9503787171;6
3;9503787171;6
22;9503787171;7
16;9503787171;8
4;9503787171;8
31;9503787171;9
18;9503787171;9
2;9503787171;10
20;9503787171;11
18;9503787171;12
45;9503787171;13
7;2694684834;1
15;2694684834;1
48;2694684834;3
50;2694684834;4
18;2694684834;5
27;2694684834;6
39;2694684834;6
6;2694684834;7
13;2694684834;7
14;2694684834;8
48;2694684834;9
49;2694684834;10
24;2694684834;11
4;2694684834;11
11;2694684834;12
5;2694684834;12
46;2694684834;13
26;2694684834;14
9;2694684834;14
37;2694684834;15
2;2694684834;15
4;2694684834;22
46;2694684834;23
24;3304560537;2
33;3304560537;3
41;3304560537;4
2;3304560537;6
16;3304560537;6
32;3304560537;7
29;3304560537;8
12;3304560537;8
38;3304560537;9
23;3304560537;10
23;3304560537;10
48;2595467139;1
6;2595467139;2
19;2595467139;2
4;2595467139;4
50;2595467139;6
14;2595467139;6
15;2595467139;8
44;2595467139;8
42;2595467139;10
33;2595467139;11
1;2595467139;13
31;2595467139;13
12;2595467139;15
39;2595467139;15
39;2595467139;18
46;2595467139;19
42;2595467139;20
18;2595467139;20
25;2595467139;21
30;2595467139;22
14;2595467139;23
20;2595467139;24
34;3024977737;1
40;3024977737;1
38;3024977737;2
43;3024977737;5
24;3024977737;5
42;3024977737;6
39;3024977737;6
19;3024977737;7
20;3024977737;7
7;3024977737;8
31;3024977737;8
18;3024977737;10
21;3024977737;11
18;3024977737;11
42;3024977737;12
42;3024977737;13
20;3024977737;13
49;3024977737;16
16;3024977737;16
26;3024977737;18
43;3024977737;18
44;3024977737;19
2;3024977737;21
42;3024977737;21
19;3024977737;22
27;3024977737;23
25;9861449701;1
3;9861449701;2
38;9861449701;2
37;9861449701;3
13;9861449701;3
47;9861449701;4
15;9861449701;5
44;9861449701;5
41;9861449701;6
31;9861449701;6
23;9861449701;7
33;9861449701;7
11;9861449701;8
36;9861449701;9
12;9861449701;9
7;9861449701;10
9;9861449701;11
17;9861449701;12
47;9861449701;12
49;9861449701;13
12;9861449701;13
22;9861449701;14
42;9861449701;14
15;9861449701;17
20;9861449701;18
27;9861449701;18
24;9861449701;19
38;9861449701;20
30;9861449701;21
4;9861449701;23
38;9861449701;24
38;9861449701;24
5;9861449701;25
31;9861449701;25
8;9861449701;27
44;9861449701;27
34;9861449701;28
27;9861449701;29
27;2753617371;5
30;2753617371;6
10;2753617371;6
46;2753617371;7
22;2753617371;10
12;2753617371;11
21;2753617371;11
4;2753617371;12
1;2753617371;12
18;2753617371;13
49;2753617371;16
11;2753617371;16
49;2753617371;17
28;5454792171;2
41;5454792171;2
26;5454792171;3
31;5454792171;4
1;5454792171;5
13;5454792171;7
47;5454792171;7
1;5454792171;8
49;5454792171;9
13;5454792171;10
2;5454792171;10
1;5454792171;11
41;5454792171;11
16;5454792171;12
15;5454792171;12
23;5454792171;13
20;5454792171;13
33;5454792171;16
20;5454792171;17
11;5454792171;17
19;1498733671;3
47;1498733671;4
39;1498733671;5
34;1498733671;5
28;1498733671;6
9;1498733671;7
22;1498733671;7
23;1498733671;8
2;1498733671;11
9;1498733671;14
14;1498733671;14
2;1498733671;15
38;1498733671;15
11;1498733671;16
8;1498733671;16
46;1498733671;17
3;1498733671;18
25;1498733671;18
17;1498733671;19
50;1498733671;19
40;1498733671;20
4;1498733671;20
4;1498733671;21
43;1498733671;21
2;1498733671;23
4;1498733671;23
8;1498733671;24
27;1498733671;24
25;1498733671;25
17;1498733671;27
31;1498733671;27
10;5877639950;1
14;5877639950;1
44;5877639950;2
41;5877639950;2
27;5877639950;4
7;5877639950;5
43;5877639950;5
18;5877639950;6
40;5877639950;6
45;5877639950;7
9;5877639950;7
7;5877639950;8
47;5877639950;9
40;5877639950;9
8;7615076397;1
13;7615076397;3
13;7615076397;4
50;7615076397;4
34;7615076397;5
46;7615076397;7
19;7615076397;8
32;7615076397;11
14;7615076397;11
31;7615076397;12
22;7615076397;12
6;7615076397;16
8;7615076397;16
43;7615076397;17
32;7615076397;17
5;7615076397;20
47;7615076397;20
7;9097790557;1
17;9097790557;1
15;9097790557;2
30;9097790557;2
17;9097790557;3
4;9097790557;4
24;9097790557;8
21;9097790557;9
28;9097790557;9
8;9097790557;10
7;9097790557;10
42;9097790557;14
11;9097790557;14
23;9097790557;15
40;9097790557;16
47;9097790557;17
22;9097790557;19
26;9097790557;22
18;9097790557;23
45;9097790557;24
27;9097790557;25
11;8875651818;1
8;8875651818;1
47;8875651818;3
4;8875651818;3
38;8875651818;6
37;8875651818;7
29;8875651818;8
12;8875651818;8
25;8875651818;9
50;8875651818;9
40;8875651818;10
47;2201474778;1
9;2201474778;1
32;2201474778;2
29;2201474778;4
42;2201474778;7
1;2201474778;8
44;2201474778;9
34;2201474778;9
37;2201474778;10
47;2201474778;10
15;2201474778;11
43;2201474778;11
34;2201474778;12
45;2201474778;13
45;2201474778;13
7;2201474778;14
28;2201474778;14
47;2201474778;15
16;2201474778;15
23;2201474778;16
44;2201474778;17
42;2201474778;17
10;2201474778;18
40;6228133486;1
4;6228133486;1
11;6228133486;3
33;6228133486;3
32;6228133486;4
21;6228133486;7
18;6228133486;9
15;6228133486;11
36;6228133486;11
25;6228133486;12
26;6228133486;12
29;6228133486;15
29;6228133486;16
6;6228133486;16
29;6228133486;17
8;6228133486;18
48;6228133486;19
2;6228133486;20
7;6228133486;20
27;6228133486;21
36;6228133486;23
1;6228133486;23
40;5082603360;2
41;5082603360;2
33;5082603360;3
14;5082603360;4
42;5082603360;4
30;5082603360;5
22;5082603360;5
4;5082603360;6
22;5082603360;8
50;5082603360;9
40;5082603360;9
31;5082603360;10
46;5082603360;10
24;5082603360;11
46;5082603360;11
8;5082603360;12
15;5082603360;14
1;5082603360;14
23;5082603360;15
19;5082603360;16
36;5082603360;16
24;5082603360;17
45;5082603360;17
9;5082603360;21
48;5082603360;22
47;5082603360;22
7;5082603360;23
40;8239941612;1
14;8239941612;5
13;8239941612;6
22;8239941612;7
7;8239941612;7
3;8239941612;8
44;8239941612;9
38;8239941612;9
30;8064477344;1
38;8064477344;2
33;8064477344;2
1;8064477344;4
48;8064477344;5
4;8064477344;5
28;8064477344;6
38;8064477344;6
33;8064477344;7
38;8064477344;9
12;8064477344;9
9;8064477344;10
7;8064477344;10
43;7004964045;1
39;7004964045;2
21;7004964045;2
25;7004964045;3
27;7004964045;3
45;7004964045;4
49;7004964045;4
26;7004964045;6
19;7004964045;7
9;7004964045;8
39;7004964045;10
48;7004964045;11
33;7004964045;11
45;7004964045;12
21;7004964045;13
46;7004964045;13
36;7004964045;14
41;7004964045;14
46;7004964045;18
19;7004964045;18
23;7004964045;19
44;7004964045;19
42;5158416864;1
12;5158416864;1
35;5158416864;2
45;5158416864;2
21;5158416864;3
46;5158416864;3
36;5158416864;5
38;5158416864;6
43;5158416864;7
46;5158416864;7
44;5158416864;8
35;5158416864;9
19;5158416864;9
1;5158416864;10
7;5158416864;11
2;5158416864;11
10;5158416864;12
4;5158416864;14
13;5158416864;14
49;5158416864;15
44;5158416864;17
10;5158416864;18
19;9983668939;2
14;9983668939;2
3;9983668939;3
23;9983668939;3
7;9983668939;4
44;9983668939;5
48;9983668939;5
15;9983668939;6
48;9983668939;6
36;9983668939;7
25;9983668939;7
45;9983668939;9
19;9983668939;9
43;9983668939;10
4;9983668939;10
25;9983668939;11
44;1091729577;1
36;1091729577;2
17;1091729577;5
13;1091729577;5
50;1091729577;6
29;1091729577;6
46;1091729577;8
46;1091729577;8
24;1091729577;9
49;1091729577;9
35;1091729577;10
48;1091729577;10
13;1091729577;11
50;1091729577;11
13;1091729577;12
19;1091729577;12
12;1091729577;13
5;1091729577;14
12;1091729577;14
33;1091729577;16
8;1091729577;16
3;1091729577;17
18;1091729577;18
17;1091729577;19
9;1091729577;19
17;1091729577;21
1;1091729577;21
30;1091729577;22
10;1091729577;23
3;1091729577;23
39;1091729577;25
40;1091729577;27
43;1091729577;27
32;1091729577;28
36;1091729577;29
23;1091729577;29
21;3424843951;2
34;3424843951;2
5;3424843951;5
33;3424843951;5
35;3424843951;7
26;3424843951;8
6;3424843951;8
15;3424843951;9
22;3424843951;11
22;3424843951;11
19;3380304322;1
34;3380304322;3
31;3380304322;3
49;3380304322;4
42;3380304322;4
23;3380304322;7
29;3380304322;7
40;3380304322;9
40;3380304322;9
21;3380304322;12
25;3380304322;12
17;3380304322;14
47;3380304322;15
19;3380304322;15
50;3380304322;17
24;3380304322;17
33;3380304322;18
29;3380304322;18
3;3380304322;19
42;3380304322;20
33;3380304322;22
35;3380304322;26
1;3380304322;26
5;3380304322;27
14;3380304322;27
41;3380304322;28
50;3380304322;28
28;6295689007;2
7;6295689007;2
45;6295689007;4
48;6295689007;4
42;6295689007;5
44;6295689007;7
10;6295689007;7
46;6295689007;9
3;6295689007;10
36;6295689007;15
15;6295689007;17
17;6295689007;17
25;6295689007;18
41;6295689007;19
28;6295689007;20
2;6295689007;21
44;6295689007;22
1;6295689007;24
42;6295689007;24
40;6295689007;25
5;6295689007;25
38;6295689007;26
3;6295689007;26
5;6295689007;27
23;6295689007;27
7;6295689007;28
19;6295689007;28
20;3559721644;1
39;3559721644;1
49;3559721644;3
25;3559721644;4
43;3559721644;5
11;3559721644;7
15;3559721644;8
9;3559721644;8
26;3559721644;9
35;3559721644;9
41;3559721644;10
44;3559721644;12
42;3559721644;13
24;3559721644;13
36;3559721644;15
10;3559721644;15
39;3559721644;19
26;3559721644;19
36;3559721644;20
6;3559721644;20
14;3559721644;21
48;3559721644;22
47;3559721644;22
14;3559721644;23
42;3559721644;24
10;3559721644;25
11;3559721644;25
17;1749459431;3
13;1749459431;3
37;1749459431;6
4;1749459431;6
30;1749459431;7
42;1749459431;7
5;1749459431;8
19;1749459431;8
5;1749459431;9
17;1749459431;9
38;1749459431;12
32;1749459431;12
23;1749459431;13
42;1749459431;15
16;1749459431;15
40;1749459431;17
32;1749459431;20
22;1749459431;21
43;1566090561;1
20;1566090561;1
38;1566090561;2
10;1566090561;2
37;1566090561;3
24;1566090561;3
28;1566090561;4
16;1566090561;7
48;1566090561;9
42;1566090561;9
18;1566090561;10
9;1566090561;11
47;1566090561;12
22;1566090561;12
30;1566090561;13
23;1566090561;14
32;1566090561;15
7;1566090561;16
12;1566090561;16
39;1566090561;17
6;1566090561;17
9;1566090561;18
13;1566090561;19
17;1566090561;19
41;1566090561;20
5;1566090561;20
5;1566090561;21
2;1566090561;21
41;1566090561;22
2;1566090561;22
38;1566090561;23
26;1566090561;23
14;2390587865;1
3;2390587865;1
17;2390587865;2
35;2390587865;2
31;2390587865;3
42;2390587865;3
26;2390587865;5
47;2390587865;7
19;2390587865;7
33;2390587865;9
6;2390587865;10
26;2390587865;10
33;2390587865;11
16;2390587865;13
40;2390587865;13
11;2390587865;14
49;2390587865;14
9;2390587865;15
29;2390587865;15
37;2390587865;18
43;2390587865;18
47;2390587865;20
31;2390587865;20
3;2390587865;21
15;2390587865;23
24;2390587865;25
14;2139744790;1
34;2139744790;1
25;2139744790;2
30;2139744790;3
21;2139744790;6
7;2139744790;6
34;2139744790;7
41;2139744790;7
48;2139744790;8
38;2139744790;9
37;2139744790;10
12;2139744790;10
42;2139744790;11
24;2139744790;12
42;2139744790;13
5;2139744790;13
17;2139744790;14
25;2139744790;14
26;2139744790;16
23;2139744790;16
32;2139744790;17
39;2139744790;18
9;2139744790;20
29;2139744790;20
42;2139744790;24
18;2139744790;24
39;8480622107;3
8;8480622107;4
43;8480622107;4
22;8480622107;6
8;8480622107;7
31;8480622107;7
31;8480622107;8
31;8480622107;8
11;8480622107;10
42;8480622107;10
2;5567946981;1
38;5567946981;5
11;5567946981;5
33;5567946981;7
3;5567946981;7
10;5567946981;8
4;5567946981;8
12;5567946981;10
26;5567946981;11
39;5567946981;11
41;5567946981;12
2;5567946981;12
47;5567946981;13
43;5567946981;13
6;5567946981;14
39;5567946981;16
31;5567946981;17
39;5567946981;20
50;5567946981;22
12;5567946981;22
43;5567946981;23
33;5567946981;23
11;8636525027;1
44;8636525027;2
22;8636525027;2
39;8636525027;3
5;8636525027;4
15;8636525027;4
25;8636525027;5
33;8636525027;10
44;8636525027;10
10;8636525027;11
7;8636525027;12
12;8636525027;12
40;8636525027;13
3;8636525027;14
35;8636525027;14
49;8636525027;15
8;8636525027;15
43;8636525027;17
35;8636525027;19
1;8636525027;19
42;8636525027;20
28;8636525027;20
27;8636525027;21
24;8636525027;21
34;8636525027;23
28;8636525027;23
50;8636525027;25
23;8636525027;26
48;8636525027;27
49;8636525027;27
37;3549776132;1
7;3549776132;1
9;3549776132;2
31;3549776132;3
39;3549776132;6
27;3549776132;7
17;3549776132;7
48;3549776132;10
1;3549776132;10
34;3549776132;11
8;3549776132;11
1;3549776132;12
25;3549776132;12
14;3549776132;13
45;3549776132;13
27;3549776132;14
7;3549776132;15
42;3549776132;17
17;3549776132;18
17;3549776132;18
28;3549776132;19
37;3549776132;19
40;3549776132;20
44;3549776132;21
49;3549776132;22
36;3549776132;24
31;3549776132;25
12;3549776132;25
36;3549776132;26
31;3549776132;27
17;3549776132;27
37;3549776132;28
50;3549776132;29
26;3163970710;1
48;3163970710;1
8;3163970710;3
48;3163970710;3
45;3163970710;5
26;3163970710;9
22;3163970710;9
40;3163970710;10
45;3163970710;10
46;3163970710;11
4;3163970710;11
41;3163970710;13
39;6590459705;2
6;6590459705;3
15;6590459705;5
6;6590459705;6
3;6590459705;7
47;6590459705;7
26;6590459705;8
42;6590459705;9
34;6590459705;9
46;6590459705;10
4;6590459705;11
50;6590459705;11
32;6590459705;13
29;6590459705;13
34;6590459705;16
19;6590459705;16
33;6590459705;19
34;6590459705;19
15;7019900273;1
40;7019900273;1
3;7019900273;3
24;7019900273;3
1;7019900273;5
11;7019900273;5
50;7019900273;7
23;7019900273;8
26;7019900273;9
26;7019900273;9
13;7019900273;10
34;7019900273;10
46;7019900273;12
5;7019900273;12
19;7019900273;14
47;7019900273;14
38;7019900273;15
23;7019900273;15
18;7019900273;16
13;7019900273;18
30;7019900273;18
37;7019900273;19
12;7019900273;21
33;7019900273;22
5;7019900273;24
33;7019900273;24
22;7019900273;25
17;7019900273;27
35;7019900273;27
17;7019900273;28
45;7019900273;28
25;9202102595;1
31;9202102595;2
50;9202102595;2
50;9202102595;4
44;9202102595;5
38;9202102595;6
8;9202102595;8
5;9202102595;9
41;9202102595;10
45;9202102595;12
15;9202102595;12
27;9202102595;13
34;9202102595;14
1;9202102595;15
45;9202102595;15
16;9202102595;16
6;9202102595;17
44;9202102595;18
22;9202102595;19
5;9202102595;19
12;9202102595;20
31;9202102595;20
23;9202102595;21
18;9202102595;23
12;9202102595;23
44;9202102595;24
13;9202102595;24
48;4862321353;1
16;4862321353;4
17;4862321353;4
23;4862321353;9
10;4862321353;9
43;4862321353;13
32;4862321353;13
1;4862321353;14
49;4862321353;14
3;4862321353;15
31;4862321353;15
40;4862321353;16
32;4862321353;17
18;4862321353;18
32;4862321353;18
18;4862321353;20
26;4862321353;20
9;4862321353;22
4;4862321353;22
28;4862321353;23
31;4862321353;23
3;4862321353;24
33;4862321353;24
26;4862321353;25
50;3612617557;1
12;3612617557;1
8;3612617557;2
34;3612617557;3
30;3612617557;3
45;3612617557;4
14;3612617557;7
25;3612617557;7
7;3612617557;8
21;3612617557;8
40;3612617557;9
12;3612617557;10
17;3612617557;11
16;3612617557;11
31;3612617557;12
22;3612617557;13
24;3612617557;13
28;5836956044;2
45;5836956044;4
24;5836956044;5
18;5836956044;6
12;5836956044;7
9;5836956044;8
37;5836956044;8
15;5836956044;9
7;5836956044;9
18;5836956044;10
16;5836956044;10
28;6561543484;1
25;6561543484;1
10;6561543484;4
31;6561543484;4
32;6561543484;7
34;6561543484;9
35;6561543484;9
21;6561543484;10
32;6561543484;10
17;6561543484;11
37;6561543484;12
4;6561543484;12
7;6561543484;13
11;6561543484;14
4;6561543484;14
31;6561543484;16
7;6561543484;17
29;6561543484;17
22;6561543484;18
17;6561543484;18
24;6561543484;19
36;6561543484;20
17;6561543484;20
2;6561543484;21
8;6561543484;22
44;6561543484;23
13;7895255573;1
37;7895255573;1
42;7895255573;2
42;7895255573;2
12;7895255573;3
50;7895255573;3
23;7895255573;4
44;7895255573;5
32;7895255573;6
50;7895255573;6
29;7895255573;7
6;7895255573;7
40;7895255573;8
30;7895255573;9
10;7895255573;10
11;7895255573;10
22;7895255573;11
27;7895255573;11
40;7895255573;12
37;7895255573;12
5;4717261214;1
15;4717261214;4
21;4717261214;5
19;4717261214;6
46;4717261214;6
39;4717261214;7
26;4717261214;8
18;4717261214;8
50;4717261214;9
48;4717261214;10
34;4717261214;11
29;4717261214;11
11;4717261214;12
16;4717261214;16
43;4717261214;16
48;4717261214;17
48;4717261214;18
6;4717261214;18
7;6276339732;2
36;6276339732;5
34;6276339732;8
40;6276339732;11
25;8848705807;3
20;8848705807;3
19;8848705807;6
29;8848705807;6
9;8848705807;7
9;8848705807;7
11;8848705807;8
2;8848705807;8
23;8848705807;10
21;8848705807;10
30;8848705807;11
18;8848705807;12
36;8848705807;12
9;8848705807;13
35;8848705807;14
12;8848705807;14
39;8848705807;15
30;8848705807;15
48;8848705807;16
41;8848705807;16
28;8848705807;17
34;8848705807;17
41;8848705807;18
35;8848705807;18
23;8848705807;19
35;8848705807;20
20;8848705807;23
27;8848705807;24
10;8848705807;25
1;5703357871;1
49;5703357871;3
9;5703357871;3
19;5703357871;4
35;5703357871;5
32;5703357871;7
49;5703357871;7
20;5703357871;8
19;5703357871;10
15;5703357871;11
1;5703357871;11
24;5703357871;12
13;5703357871;12
36;5703357871;13
26;5703357871;14
48;5703357871;17
42;5703357871;17
25;5703357871;18
6;5703357871;20
41;5703357871;21
49;5703357871;23
40;5703357871;23
44;5703357871;24
18;5703357871;24
42;5703357871;25
35;5703357871;26
18;5703357871;26
13;5703357871;27
8;6389710636;2
30;6389710636;3
40;6389710636;3
18;6389710636;4
40;6389710636;5
32;6389710636;5
2;6389710636;7
2;6389710636;10
12;6389710636;10
18;6389710636;12
29;6389710636;14
47;6389710636;14
14;3036965074;6
27;3036965074;7
32;3036965074;8
30;3036965074;9
3;3036965074;10
22;3036965074;10
50;4572433066;4
5;4572433066;5
31;4572433066;6
12;4572433066;6
25;4572433066;8
16;4572433066;11
25;4572433066;11
16;4572433066;12
3;4572433066;13
13;4572433066;13
48;4572433066;14
43;4572433066;16
14;4572433066;16
25;2854895521;1
20;2854895521;2
21;2854895521;2
47;2854895521;4
3;2854895521;4
36;2854895521;5
34;2854895521;5
31;2854895521;7
20;2854895521;8
13;2854895521;8
4;2854895521;9
14;2854895521;10
8;2854895521;10
28;2854895521;12
21;2854895521;12
38;2854895521;15
16;2854895521;17
45;2854895521;20
31;2854895521;20
39;2854895521;21
10;2854895521;21
50;2854895521;22
6;4486522557;3
40;4486522557;4
22;4486522557;4
4;4486522557;5
4;4486522557;5
42;4486522557;6
35;4486522557;8
7;4486522557;8
15;4486522557;10
36;4486522557;11
49;4486522557;12
23;4486522557;12
47;4486522557;13
25;4486522557;16
23;4486522557;16
9;4486522557;17
17;4486522557;17
46;4486522557;19
36;4486522557;20
35;4486522557;21
32;4486522557;22
13;4486522557;22
12;4486522557;23
35;4486522557;23
21;5819946657;1
30;5819946657;2
18;5819946657;2
36;5819946657;3
11;5819946657;3
10;5819946657;5
29;5819946657;5
17;5819946657;6
24;5819946657;7
30;5819946657;7
33;5819946657;9
25;5819946657;9
12;5819946657;10
2;5819946657;10
24;5819946657;11
50;5819946657;11
16;5819946657;12
21;5819946657;12
5;5819946657;13
43;5819946657;13
25;5819946657;14
13;5819946657;14
44;5819946657;15
32;5819946657;15
10;5819946657;16
40;5819946657;16
21;5819946657;17
42;5819946657;18
8;5819946657;19
43;5819946657;21
5;5819946657;21
13;6636925105;3
42;6636925105;6
25;6636925105;6
32;6636925105;7
34;6636925105;7
45;6636925105;8
38;6636925105;8
4;6636925105;9
15;6636925105;10
46;6636925105;11
5;6636925105;11
32;6636925105;14
6;6636925105;14
41;6636925105;15
36;6636925105;17
27;6636925105;18
24;6636925105;18
4;6636925105;19
40;6636925105;19
34;6636925105;20
5;6636925105;22
20;6636925105;22
7;6636925105;25
7;6636925105;25
15;1913706213;1
35;1913706213;1
13;1913706213;2
43;1913706213;4
16;1913706213;4
41;1913706213;5
12;1913706213;5
48;1913706213;6
36;1913706213;6
48;1913706213;7
37;1913706213;9
23;1913706213;9
30;1913706213;10
45;1913706213;10
28;1913706213;11
7;1913706213;11
26;1913706213;14
33;1913706213;14
43;1913706213;15
39;1913706213;17
29;1913706213;17
21;1913706213;18
21;1913706213;19
24;1913706213;19
49;1913706213;20
28;1913706213;21
47;1913706213;21
39;1913706213;22
35;1913706213;24
14;1913706213;24
50;1913706213;25
48;1913706213;26
17;1913706213;26
29;1913706213;27
26;1913706213;28
3;5759761714;2
19;5759761714;2
2;5759761714;3
34;5759761714;3
1;5759761714;5
15;5759761714;6
2;5759761714;8
18;5759761714;9
36;5759761714;9
36;5759761714;10
37;5759761714;10
10;5759761714;11
7;5759761714;11
23;5759761714;13
24;3391179068;2
16;3391179068;3
15;3391179068;3
20;3391179068;4
26;3391179068;6
37;3391179068;6
5;3391179068;8
47;3391179068;8
31;3391179068;9
45;3391179068;11
37;3391179068;12
7;3391179068;12
42;3391179068;13
20;3391179068;13
37;3391179068;15
25;3391179068;15
23;3391179068;18
27;3391179068;19
42;1124352982;2
39;1124352982;2
50;1124352982;4
41;1124352982;4
4;1124352982;5
34;1124352982;6
35;1124352982;8
10;1124352982;9
21;1124352982;9
45;1124352982;10
15;1124352982;10
47;1124352982;13
26;1124352982;13
49;1124352982;14
37;1124352982;15
33;1124352982;15
19;1124352982;18
10;1124352982;19
6;6754503097;1
37;6754503097;2
4;6754503097;3
36;6754503097;3
17;6754503097;4
33;6754503097;6
50;6754503097;7
9;6754503097;8
49;6754503097;8
36;6754503097;10
26;6754503097;12
37;6754503097;13
13;6754503097;13
40;6754503097;14
48;6754503097;14
16;6754503097;15
16;6754503097;15
50;6754503097;17
21;6754503097;18
37;8118240999;1
6;8118240999;1
27;8118240999;3
28;8118240999;3
23;8118240999;4
23;8118240999;6
42;8118240999;7
2;8118240999;7
11;8118240999;8
40;8118240999;9
40;8118240999;10
3;8118240999;12
24;8118240999;15
10;8118240999;15
6;8118240999;16
8;8118240999;16
4;8118240999;17
16;8118240999;17
10;8118240999;18
19;8118240999;18
45;8118240999;20
29;1131671246;1
2;1131671246;2
14;1131671246;3
35;1131671246;4
14;1131671246;4
34;1131671246;6
49;1131671246;6
36;1131671246;7
40;1131671246;8
10;1131671246;9
45;1131671246;9
43;1131671246;10
2;1131671246;10
38;1131671246;11
34;1131671246;12
3;1131671246;12
11;1131671246;13
13;1131671246;15
40;1131671246;16
18;1131671246;16
42;1131671246;18
43;1131671246;21
43;1131671246;22
24;6218955985;1
7;6218955985;1
42;6218955985;3
15;6218955985;4
33;6218955985;5
7;6218955985;6
21;6218955985;6
39;6218955985;7
6;6218955985;8
12;6218955985;8
30;6218955985;10
36;6218955985;10
2;6218955985;11
3;6218955985;11
20;6218955985;13
22;6218955985;13
26;6218955985;14
11;6218955985;15
2;6218955985;15
44;6218955985;16
23;6218955985;17
20;6218955985;18
16;6218955985;18
18;6218955985;19
4;6218955985;19
17;7243361127;1
25;7243361127;1
18;7243361127;3
15;7243361127;3
26;7243361127;5
9;7243361127;6
6;7243361127;6
25;7243361127;7
34;7243361127;7
40;7243361127;8
41;7243361127;8
15;7243361127;9
27;7243361127;9
10;7243361127;11
28;7243361127;11
39;7243361127;12
29;7243361127;13
9;7243361127;14
14;7243361127;14
9;7243361127;15
38;7243361127;15
44;7243361127;16
13;7243361127;16
45;7243361127;18
34;7243361127;19
9;7243361127;19
50;7243361127;20
37;7243361127;22
11;7243361127;22
5;7243361127;23
35;7243361127;24
47;7243361127;24
10;7243361127;27
2;7243361127;28
49;7243361127;28
27;7243361127;29
20;7243361127;30
48;6884333221;1
48;6884333221;2
18;6884333221;2
40;6884333221;9
18;6884333221;9
37;6884333221;10
40;6884333221;10
15;6884333221;12
15;6884333221;12
2;6884333221;13
23;6884333221;13
50;6884333221;15
31;6884333221;15
39;6884333221;17
31;6884333221;17
42;6884333221;18
24;6884333221;18
32;6884333221;20
9;6884333221;21
49;6884333221;26
27;6884333221;28
43;1225953184;2
13;1225953184;2
40;1225953184;6
45;1225953184;7
30;1225953184;8
26;1225953184;10
48;9803662851;2
25;9803662851;2
21;9803662851;3
26;9803662851;3
48;9803662851;4
37;9803662851;4
35;9803662851;5
34;9803662851;5
46;9803662851;6
3;9803662851;6
7;9803662851;7
29;9803662851;7
3;9803662851;8
35;9803662851;10
26;9803662851;10
3;9803662851;11
36;9803662851;11
34;9803662851;12
4;9803662851;13
13;9803662851;13
29;9803662851;14
20;9803662851;15
30;9803662851;16
19;9803662851;18
4;9803662851;19
45;9803662851;19
10;9803662851;20
30;9803662851;20
29;9803662851;21
6;9803662851;21
33;9803662851;22
8;9803662851;22
45;9803662851;24
35;9803662851;24
27;9803662851;26
29;9803662851;27
38;6463640105;1
13;6463640105;2
30;6463640105;2
21;6463640105;4
42;6463640105;5
46;6463640105;5
47;6463640105;7
8;6463640105;7
29;6463640105;10
41;6463640105;10
6;6463640105;11
46;6463640105;12
25;6463640105;12
33;6463640105;13
40;6463640105;13
36;6463640105;15
3;6463640105;16
37;6463640105;18
10;6463640105;19
11;6463640105;19
4;6463640105;22
27;6463640105;22
20;6463640105;23
50;6463640105;24
29;6463640105;24
41;6463640105;25
49;7193532615;2
17;7193532615;2
32;7193532615;4
35;7193532615;5
32;7193532615;7
16;7193532615;7
43;7193532615;9
31;7193532615;9
27;7193532615;10
6;7193532615;11
39;7193532615;12
1;7193532615;12
18;7193532615;14
40;7193532615;14
36;7193532615;15
14;7193532615;15
23;3200510647;1
3;3200510647;1
37;3200510647;4
39;3200510647;4
22;3200510647;5
12;3200510647;9
19;3200510647;11
40;3200510647;11
45;2846465000;1
45;2846465000;1
37;2846465000;2
36;2846465000;2
48;2846465000;4
24;2846465000;5
3;2846465000;5
21;2846465000;7
25;2846465000;8
36;2846465000;10
31;2846465000;12
18;2846465000;15
22;2846465000;15
27;2846465000;16
34;2846465000;16
14;2846465000;18
40;2846465000;18
47;7842459488;2
41;7842459488;2
6;7842459488;3
31;7842459488;3
45;7842459488;4
39;7842459488;4
19;7842459488;5
28;7842459488;5
21;7842459488;6
17;7842459488;6
37;7842459488;7
40;7842459488;7
9;7842459488;8
37;7842459488;9
32;7842459488;9
47;7842459488;10
41;7842459488;10
32;7842459488;11
15;8160279830;1
46;8160279830;1
13;8160279830;2
41;8160279830;6
14;8160279830;8
40;8160279830;8
27;8160279830;9
23;8160279830;11
41;8160279830;12
14;8160279830;12
13;8160279830;14
45;8160279830;14
17;8160279830;15
20;8160279830;17
36;8160279830;18
21;8160279830;18
22;8160279830;21
22;8160279830;21
47;8160279830;22
40;8160279830;23
2;8160279830;23
22;8160279830;26
31;6242086783;1
31;6242086783;1
9;6242086783;3
31;6242086783;3
30;6242086783;5
35;6242086783;5
30;6242086783;6
48;6242086783;7
20;6242086783;9
37;6242086783;9
44;6242086783;10
21;6242086783;10
35;6242086783;11
2;6242086783;11
44;6242086783;13
22;6242086783;13
5;6242086783;14
2;6242086783;16
25;6242086783;17
35;6242086783;18
11;6242086783;18
39;6242086783;19
25;6242086783;19
8;6242086783;21
49;6242086783;21
46;6242086783;22
46;6242086783;23
27;6242086783;25
16;6242086783;27
29;6242086783;28
14;6242086783;29
20;6242086783;30
12;6242086783;30
3;1033015788;2
33;1033015788;5
33;1033015788;7
31;1033015788;10
34;1033015788;11
20;1033015788;11
10;1033015788;12
44;1033015788;14
9;1033015788;14
3;1033015788;16
30;1033015788;16
46;1033015788;17
8;1033015788;18
1;1033015788;18
3;1033015788;19
39;1033015788;20
6;1033015788;20
30;1033015788;21
50;5060136033;3
43;5060136033;3
20;5060136033;4
2;5060136033;4
49;5060136033;5
20;5060136033;5
14;5060136033;6
21;5060136033;6
18;5060136033;9
21;5060136033;10
50;5060136033;10
43;5060136033;11
10;5060136033;13
8;5060136033;15
36;5060136033;17
33;5060136033;17
23;8577013359;2
36;8577013359;2
18;8577013359;3
19;8577013359;5
37;8577013359;5
40;8577013359;9
35;8577013359;10
4;8577013359;11
44;8577013359;14
4;8577013359;17
26;2409274786;2
39;2409274786;4
38;2409274786;4
45;2409274786;5
45;2409274786;5
40;2409274786;6
20;2409274786;7
13;2409274786;8
49;2409274786;9
43;2409274786;9
6;2409274786;10
49;2409274786;10
37;2409274786;11
30;2409274786;14
7;2409274786;14
20;2409274786;15
42;2409274786;16
46;2409274786;16
31;2409274786;17
17;2409274786;21
24;2409274786;21
12;2409274786;22
43;2409274786;23
22;2409274786;23
30;2409274786;24
2;2409274786;25
8;2409274786;27
31;2409274786;28
11;2409274786;29
50;2409274786;30
39;2849649210;1
9;2849649210;2
33;2849649210;2
46;2849649210;4
36;2849649210;6
5;2849649210;7
20;2849649210;7
30;2849649210;8
26;2849649210;8
27;2849649210;9
16;2849649210;9
16;2849649210;10
36;2849649210;10
25;2849649210;12
14;2849649210;14
38;2849649210;15
28;2849649210;15
37;2849649210;16
35;2849649210;17
16;2849649210;18
12;2849649210;18
43;2849649210;19
5;2849649210;19
46;2849649210;20
37;2849649210;20
8;2849649210;21
39;2849649210;22
30;2849649210;22
36;2849649210;23
12;2849649210;25
26;2849649210;26
7;2849649210;28
44;2849649210;28
50;4022245086;1
25;4022245086;1
32;4022245086;2
43;4022245086;3
4;4022245086;3
49;4022245086;7
41;4022245086;7
10;4022245086;10
29;4022245086;10
19;4022245086;11
25;4022245086;11
37;4022245086;12
29;4022245086;12
21;2521136431;2
20;2521136431;2
44;2521136431;3
20;2521136431;3
46;2521136431;4
6;2521136431;5
1;2521136431;6
40;2521136431;6
26;2521136431;7
9;2521136431;7
4;2521136431;8
36;2521136431;9
36;2521136431;12
23;2521136431;12
2;2521136431;14
45;2521136431;16
26;2521136431;17
41;2521136431;17
46;2521136431;18
26;2521136431;19
28;5476654128;1
14;5476654128;2
43;5476654128;2
9;5476654128;4
25;5476654128;6
24;5476654128;6
10;5476654128;7
43;5476654128;8
